-- =============================================================================
-- TyneTees Damp Proofing — Seed Data
-- Reference/configuration data required for the application to function.
-- Extracted from local Supabase on 2026-02-25.
--
-- Tables are ordered by foreign key dependencies (parents before children).
-- =============================================================================

-- ─────────────────────────────────────────────
-- 1. base_rates (5 rows) — Legacy labour/travel rates
-- ─────────────────────────────────────────────
INSERT INTO public.base_rates VALUES ('labor_base', 'labor', 'Base Hourly Rate', 30.6300, 'Base labor cost per hour', '2026-02-04 23:46:37.535969+00', '2026-02-04 23:46:37.535969+00');
INSERT INTO public.base_rates VALUES ('labor_markup', 'labor', 'Labor Markup', 100.0000, 'Percentage markup on labor', '2026-02-04 23:46:37.535969+00', '2026-02-04 23:46:37.535969+00');
INSERT INTO public.base_rates VALUES ('contractor_rate', 'contractor', 'Contractor Hourly Rate', 28.0000, 'Paid to external contractors', '2026-02-04 23:46:37.535969+00', '2026-02-04 23:46:37.535969+00');
INSERT INTO public.base_rates VALUES ('travel_hourly', 'travel', 'Travel Time Rate', 30.6300, 'Billed for travel time', '2026-02-04 23:46:37.535969+00', '2026-02-04 23:46:37.535969+00');
INSERT INTO public.base_rates VALUES ('travel_mile', 'travel', 'Vehicle Cost Per Mile', 0.5000, 'Fuel cost per mile', '2026-02-04 23:46:37.535969+00', '2026-02-04 23:46:37.535969+00');

-- ─────────────────────────────────────────────
-- 2. markup_config (5 rows) — Legacy markup percentages
-- ─────────────────────────────────────────────
INSERT INTO public.markup_config VALUES ('mtl', 'MTL', 30.00, 'Materials', '2026-02-04 23:46:37.535969+00', '2026-02-04 23:46:37.535969+00');
INSERT INTO public.markup_config VALUES ('lbr', 'LBR', 100.00, 'Labour', '2026-02-04 23:46:37.535969+00', '2026-02-04 23:46:37.535969+00');
INSERT INTO public.markup_config VALUES ('sub', 'SUB', 0.00, 'Subcontractor', '2026-02-04 23:46:37.535969+00', '2026-02-04 23:46:37.535969+00');
INSERT INTO public.markup_config VALUES ('ovr', 'OVR', 30.00, 'Overheads', '2026-02-04 23:46:37.535969+00', '2026-02-04 23:46:37.535969+00');
INSERT INTO public.markup_config VALUES ('tra', 'TRA', 0.00, 'Travel', '2026-02-04 23:46:37.535969+00', '2026-02-04 23:46:37.535969+00');

-- ─────────────────────────────────────────────
-- 3. pricing_config (14 rows) — Active pricing engine configuration
-- ─────────────────────────────────────────────
INSERT INTO public.pricing_config VALUES ('125c3739-8acb-41c5-b49d-d128a0ef4765', 'hourly_labour_rate', 30.6300, 'Base hourly labour rate (£) — all workbooks Costing D155', '2026-02-18', '2026-02-18 10:45:42.55727+00');
INSERT INTO public.pricing_config VALUES ('cd7fccc2-c7f7-4c7d-8697-5f896c34ef14', 'contractor_hourly_rate', 28.0000, 'Rate paid to contractor per hour (£) — all workbooks Costing E155', '2026-02-18', '2026-02-18 10:45:42.55727+00');
INSERT INTO public.pricing_config VALUES ('5d2f0d63-638c-43eb-9fb0-4b7b7c4c1f25', 'default_material_markup', 0.3000, 'Default material markup 30% — workbook Col J standard', '2026-02-18', '2026-02-18 10:45:42.55727+00');
INSERT INTO public.pricing_config VALUES ('5a02e273-3124-413a-b6b6-9d266db987a1', 'default_labour_markup', 1.0000, 'Default labour markup 100% — workbook Col R standard', '2026-02-18', '2026-02-18 10:45:42.55727+00');
INSERT INTO public.pricing_config VALUES ('e458667c-0092-43c7-a6dc-86793793f155', 'default_wastage_factor', 1.1000, 'Default wastage factor 10% — baked into material cost formulas', '2026-02-18', '2026-02-18 10:45:42.55727+00');
INSERT INTO public.pricing_config VALUES ('0042e7b3-d19f-4509-996f-70132c33a405', 'vat_rate', 0.2000, 'VAT rate 20%', '2026-02-18', '2026-02-18 10:45:42.55727+00');
INSERT INTO public.pricing_config VALUES ('67f14215-73dc-4331-afba-38053c2db82a', 'damp_deposit_pct', 0.3000, 'Damp survey deposit 30% — Damp Customer Summary', '2026-02-18', '2026-02-18 10:45:42.55727+00');
INSERT INTO public.pricing_config VALUES ('21f925e1-bf45-48c6-bcd1-825282ec0f73', 'condensation_deposit_pct', 0.5000, 'Condensation survey deposit 50% — Condensation Customer Summary', '2026-02-18', '2026-02-18 10:45:42.55727+00');
INSERT INTO public.pricing_config VALUES ('34bf4e98-6c1d-4110-a492-b0e634c69148', 'timber_deposit_pct', 0.3000, 'Timber survey deposit 30% — Timber Customer Summary', '2026-02-18', '2026-02-18 10:45:42.55727+00');
INSERT INTO public.pricing_config VALUES ('2049b621-c7c1-431c-bdb7-74a2bf9e2978', 'woodworm_deposit_pct', 0.3000, 'Woodworm survey deposit 30% — Woodworm Customer Summary', '2026-02-18', '2026-02-18 10:45:42.55727+00');
INSERT INTO public.pricing_config VALUES ('951b3f54-81fe-4ba1-873a-e48409a68490', 'skip_hire_8yd_cost', 270.0000, 'Skip hire 8 yard base cost (£)', '2026-02-18', '2026-02-18 10:45:42.55727+00');
INSERT INTO public.pricing_config VALUES ('2ff60422-cbcb-4fe3-bc44-94cbde2870bb', 'asbestos_testing_cost', 30.0000, 'Asbestos testing per sample cost (£)', '2026-02-18', '2026-02-18 10:45:42.55727+00');
INSERT INTO public.pricing_config VALUES ('180fea75-474b-42b0-9851-479c480b8e5d', 'digital_dpc_base_cost', 650.0000, 'Mursec Eco digital DPC unit base cost (£)', '2026-02-18', '2026-02-18 10:45:42.55727+00');
INSERT INTO public.pricing_config VALUES ('28e6d2a6-b7b6-42fe-a6f2-25a8d8ac3597', 'vehicle_cost_per_mile', 0.5000, 'Vehicle running cost per mile (£)', '2026-02-18', '2026-02-18 10:45:42.55727+00');

-- ─────────────────────────────────────────────
-- 4. materials_catalog (61 rows) — Product catalogue with costs & coverage
-- ─────────────────────────────────────────────
INSERT INTO public.materials_catalog VALUES ('antinox_floor_protection', 'Antinox HD Floor Protection Boards – 2.4m x 1.2m', 'Preservation Shop', 'https://www.preservationshop.co.uk/product/antinox-heavy-duty-floor-protection-boards-2-4m-x-1-2m/', 4.16, 'Each', '2.88 m2 per sheet', 'prep', 0, true, '2026-02-04 23:46:37.535969+00', '2026-02-04 23:46:37.535969+00', NULL, NULL, NULL);
INSERT INTO public.materials_catalog VALUES ('ultracure_cream', 'Wykamol Ultracure Damp Proofing Cream', 'Preservation Shop', 'https://www.preservationshop.co.uk/product/wykamol-ultracure-damp-proofing-cream/', 13.93, '1ltr Cartridge', '10 linear metres at 115mm brick thickness', 'dpc', 0, true, '2026-02-04 23:46:37.535969+00', '2026-02-04 23:46:37.535969+00', NULL, NULL, NULL);
INSERT INTO public.materials_catalog VALUES ('drill_plugs_12mm', 'Drill Plugs 12mm – Grey or Black', 'Preservation Shop', 'https://www.preservationshop.co.uk/product/12mm-drill-plugs-grey-for-dpc-injection/', 0.04, 'Each', '50 plugs per 6 linear metres', 'dpc', 0, true, '2026-02-04 23:46:37.535969+00', '2026-02-04 23:46:37.535969+00', NULL, NULL, NULL);
INSERT INTO public.materials_catalog VALUES ('mursec_eco_unit', 'Mursec Eco Unit - Digital DPC', 'Murrett', NULL, 750.00, 'Each', 'Per unit (varies by property)', 'dpc', 0, true, '2026-02-04 23:46:37.535969+00', '2026-02-04 23:46:37.535969+00', NULL, NULL, NULL);
INSERT INTO public.materials_catalog VALUES ('cm3_membrane_1mtr', 'Wykamol CM3 Mesh Cavity Drain Membrane - 1 mtr', 'Preservation Shop', 'https://www.preservationshop.co.uk/product/wykamol-cm3-mesh-cavity-drain-membrane/', 4.17, 'M2', 'Sold in 5m roll increments', 'membrane', 0, true, '2026-02-04 23:46:37.535969+00', '2026-02-04 23:46:37.535969+00', NULL, NULL, NULL);
INSERT INTO public.materials_catalog VALUES ('cm3_membrane_1_2mtr', 'Wykamol CM3 Mesh Cavity Drain Membrane - 1.2mtr', 'Preservation Shop', 'https://www.preservationshop.co.uk/product/wykamol-cm3-mesh-cavity-drain-membrane/', 4.45, 'M2', 'Sold in 5m roll increments', 'membrane', 0, true, '2026-02-04 23:46:37.535969+00', '2026-02-04 23:46:37.535969+00', NULL, NULL, NULL);
INSERT INTO public.materials_catalog VALUES ('cm3_membrane_2mtr', 'Wykamol CM3 Mesh Cavity Drain Membrane - 2mtr', 'Preservation Shop', 'https://www.preservationshop.co.uk/product/wykamol-cm3-mesh-cavity-drain-membrane/', 4.42, 'M2', 'Sold in 5m roll increments', 'membrane', 0, true, '2026-02-04 23:46:37.535969+00', '2026-02-04 23:46:37.535969+00', NULL, NULL, NULL);
INSERT INTO public.materials_catalog VALUES ('membrane_plugs_50mm', 'Cavity Membrane Fixing Plugs – 50mm', 'Preservation Shop', 'https://www.preservationshop.co.uk/product/cavity-membrane-fixing-plugs-50mm/', 0.09, 'Each', '10 plugs per m2', 'membrane', 0, true, '2026-02-04 23:46:37.535969+00', '2026-02-04 23:46:37.535969+00', NULL, NULL, NULL);
INSERT INTO public.materials_catalog VALUES ('sealing_tape_28mm', 'Wykamol Membrane Sealing Tape – 28mm x 22m', 'Preservation Shop', 'https://www.preservationshop.co.uk/product/wykamol-membrane-sealing-tape-28mm-x-22m/', 19.16, 'Roll', '22 linear metres per roll', 'membrane', 0, true, '2026-02-04 23:46:37.535969+00', '2026-02-04 23:46:37.535969+00', NULL, NULL, NULL);
INSERT INTO public.materials_catalog VALUES ('technoseal_5ltr', 'Wykamol Technoseal Liquid DPM 5ltr', 'Preservation Shop', 'https://www.preservationshop.co.uk/product/wykamol-technoseal-liquid-damp-proofing-membrane-dpm/', 23.33, '5ltr', '80 linear metres per 5ltr container', 'membrane', 0, true, '2026-02-04 23:46:37.535969+00', '2026-02-04 23:46:37.535969+00', NULL, NULL, NULL);
INSERT INTO public.materials_catalog VALUES ('universal_mortar', 'Wykamol Universal Mortar', 'Preservation Shop', 'https://www.preservationshop.co.uk/product/wykamol-universal-mortar/', 24.51, '25kg', '12 linear metres per bag (fillet joints)', 'membrane', 0, true, '2026-02-04 23:46:37.535969+00', '2026-02-04 23:46:37.535969+00', NULL, NULL, NULL);
INSERT INTO public.materials_catalog VALUES ('fleece_tape_115mm', 'Wykamol Membrane Fibre/Fleece Tape – 115mm X 5m', 'Preservation Shop', 'https://www.preservationshop.co.uk/product/wykamol-fibre-tape/', 10.83, 'Roll', '5 linear metres per roll', 'membrane', 0, true, '2026-02-04 23:46:37.535969+00', '2026-02-04 23:46:37.535969+00', NULL, NULL, NULL);
INSERT INTO public.materials_catalog VALUES ('rope_10mm', 'Wykamol Rope 10mm x 5m', 'Preservation Shop', 'https://www.preservationshop.co.uk/product/wykamol-rope-10mm-x-5m/', 10.33, 'Roll', '5 linear metres per roll', 'membrane', 0, true, '2026-02-04 23:46:37.535969+00', '2026-02-04 23:46:37.535969+00', NULL, NULL, NULL);
INSERT INTO public.materials_catalog VALUES ('sbr_latex', 'Wykamol SBR Latex – 5ltr', 'Preservation Shop', 'https://www.preservationshop.co.uk/product/wykamol-sbr-latex-5l/', 16.66, '5ltr', 'Dubbing out: 4m per tub with sand/cement', 'tanking', 0, true, '2026-02-04 23:46:37.535969+00', '2026-02-04 23:46:37.535969+00', NULL, NULL, NULL);
INSERT INTO public.materials_catalog VALUES ('building_sand', 'Building Sand', 'Builders Merchant', NULL, 2.79, 'Bag', 'For tanking mix', 'tanking', 0, true, '2026-02-04 23:46:37.535969+00', '2026-02-04 23:46:37.535969+00', NULL, NULL, NULL);
INSERT INTO public.materials_catalog VALUES ('cement_25kg', 'Cement 25kg', 'Builders Merchant', 'https://www.preservationshop.co.uk/product/cement/', 7.69, 'Bag', 'For tanking mix', 'tanking', 0, true, '2026-02-04 23:46:37.535969+00', '2026-02-04 23:46:37.535969+00', NULL, NULL, NULL);
INSERT INTO public.materials_catalog VALUES ('hydradry_tanking', 'Wykamol Hydradry Tanking Slurry – 20kg', 'Preservation Shop', 'https://www.preservationshop.co.uk/product/hydradry-tanking-slurry/', 21.70, '20kg', '7 m2 per tub (2 coat application)', 'tanking', 0, true, '2026-02-04 23:46:37.535969+00', '2026-02-04 23:46:37.535969+00', NULL, NULL, NULL);
INSERT INTO public.materials_catalog VALUES ('renovating_plaster', 'Wykamol Renovating Plaster – 20kg Bag', 'Preservation Shop', 'https://www.preservationshop.co.uk/product/renovating-plaster/', 16.25, '20kg', '3 m2 per bag at 10mm thickness', 'tanking', 0, true, '2026-02-04 23:46:37.535969+00', '2026-02-04 23:46:37.535969+00', NULL, NULL, NULL);
INSERT INTO public.materials_catalog VALUES ('ep40_primer', 'EP40 2 Pack resin Primer', 'Preservation Shop', 'https://www.preservationshop.co.uk/product/ep40-primer-coat/', 56.70, '5ltr', '30 m2 per tub', 'resin_floor', 0, true, '2026-02-04 23:46:37.535969+00', '2026-02-04 23:46:37.535969+00', NULL, NULL, NULL);
INSERT INTO public.materials_catalog VALUES ('ep40_topcoat', 'EP40 2 Pack resin top coat', 'Preservation Shop', 'https://www.preservationshop.co.uk/product/wykamol-ep40-epoxy-floor-coating-5l-grey/', 63.70, '5ltr', '30 m2 per tub', 'resin_floor', 0, true, '2026-02-04 23:46:37.535969+00', '2026-02-04 23:46:37.535969+00', NULL, NULL, NULL);
INSERT INTO public.materials_catalog VALUES ('grip_grit', 'Grip grit', 'Preservation Shop', 'https://www.preservationshop.co.uk/product/grip-grit/', 2.08, 'Bag', '25 m2 per bag', 'resin_floor', 0, true, '2026-02-04 23:46:37.535969+00', '2026-02-04 23:46:37.535969+00', NULL, NULL, NULL);
INSERT INTO public.materials_catalog VALUES ('plasterboard_1220x900', 'Plasterboards, 1220mm x 900mm x 9.5mm', 'Builders Merchant', NULL, 8.24, 'Each', '1.098 m2 per board', 'plastering', 0, true, '2026-02-04 23:46:37.535969+00', '2026-02-04 23:46:37.535969+00', NULL, NULL, NULL);
INSERT INTO public.materials_catalog VALUES ('stop_bead_3m', 'Plastering Stop Bead - 3m length', 'Builders Merchant', NULL, 1.00, 'Each', 'Per length as needed', 'plastering', 0, true, '2026-02-04 23:46:37.535969+00', '2026-02-04 23:46:37.535969+00', NULL, NULL, NULL);
INSERT INTO public.materials_catalog VALUES ('angle_bead_2_4m', 'Plastering Thin Coat Angle/Corner Bead - 2.4m', 'Builders Merchant', NULL, 1.66, 'Each', 'Per length as needed', 'plastering', 0, true, '2026-02-04 23:46:37.535969+00', '2026-02-04 23:46:37.535969+00', NULL, NULL, NULL);
INSERT INTO public.materials_catalog VALUES ('angle_bead_3m', 'Plastering Thin Coat Angle/Corner Bead - 3m', 'Builders Merchant', NULL, 2.49, 'Each', 'Per length as needed', 'plastering', 0, true, '2026-02-04 23:46:37.535969+00', '2026-02-04 23:46:37.535969+00', NULL, NULL, NULL);
INSERT INTO public.materials_catalog VALUES ('multi_finish_plaster', 'Multi Finish Plaster – 25kg Bag', 'Preservation Shop', 'https://www.preservationshop.co.uk/product/multi-finish-plaster-25kg-bag-british-gypsum-thistle/', 12.08, '25kg', '10 m2 per bag', 'plastering', 0, true, '2026-02-04 23:46:37.535969+00', '2026-02-04 23:46:37.535969+00', NULL, NULL, NULL);
INSERT INTO public.materials_catalog VALUES ('tiwi_roll', 'Wykamol ISO-THERM TIWI – 0.95m x 7.5m', 'Preservation Shop', 'https://www.preservationshop.co.uk/product/wykamol-iso-therm-thin-internal-wall-insulation-tiwi-1m-x-7-5m/', 27.60, 'Roll', '7.125 m2 per roll', 'insulation', 0, true, '2026-02-04 23:46:37.535969+00', '2026-02-04 23:46:37.535969+00', NULL, NULL, NULL);
INSERT INTO public.materials_catalog VALUES ('tiwi_adhesive', 'Wykamol ISO-THERM Adhesive For TIWI', 'Preservation Shop', 'https://www.preservationshop.co.uk/product/wykamol-iso-therm-adhesive-for-thin-internal-wall-insulation-tiwi/', 38.50, '15kg', '7.125 m2 per tub', 'insulation', 0, true, '2026-02-04 23:46:37.535969+00', '2026-02-04 23:46:37.535969+00', NULL, NULL, NULL);
INSERT INTO public.materials_catalog VALUES ('plastic_airbrick', 'Plastic Airbrick 9 x 3', 'Preservation Shop', 'https://www.preservationshop.co.uk/product/plastic-air-brick-9-x-3/', 1.66, 'Each', '2 plastic airbricks = 1 installed airbrick', 'ventilation', 0, true, '2026-02-04 23:46:37.535969+00', '2026-02-04 23:46:37.535969+00', NULL, NULL, NULL);
INSERT INTO public.materials_catalog VALUES ('microtech_dual', 'Wykamol Microtech Dual Purpose Concentrate - 400g', 'Preservation Shop', 'https://www.preservationshop.co.uk/product/wykamol-microtech-dual-purpose-concentrate/', 20.97, '400g', '400g makes 25 Litres = 100 m2 coverage', 'treatment', 0, true, '2026-02-04 23:46:37.535969+00', '2026-02-04 23:46:37.535969+00', NULL, NULL, NULL);
INSERT INTO public.materials_catalog VALUES ('enviroseal_5ltr', 'Wykamol Enviroseal Liquid Water Repellent - 5ltr', 'Preservation Shop', 'https://www.preservationshop.co.uk/product/wykamol-enviroseal-liquid-water-repellent/', 12.50, '5ltr', '25 m2 per 5ltr container', 'external', 0, true, '2026-02-04 23:46:37.535969+00', '2026-02-04 23:46:37.535969+00', NULL, NULL, NULL);
INSERT INTO public.materials_catalog VALUES ('29c51828-867a-41c4-a23f-320790ad4ad4', 'Antinox Heavy Duty Floor Protection Boards 2.4m x 1.2m', 'Preservation Shop', 'https://www.preservationshop.co.uk/product/antinox-heavy-duty-floor-protection-boards-2-4m-x-1-2m/', 4.16, 'Per sheet', NULL, 'Preparatory Work', 0, true, '2026-02-19 12:13:34.405716+00', '2026-02-19 12:13:34.405716+00', 'antinox_floor_protection', NULL, 'Per sheet');
INSERT INTO public.materials_catalog VALUES ('db8dc3a3-e925-432f-b946-8fb61c98119f', 'Wykamol Ultracure Damp Proofing Cream', 'Preservation Shop', 'https://www.preservationshop.co.uk/product/wykamol-ultracure-damp-proofing-cream/', 13.93, '1ltr Cartridge', '10 LM at 115mm thickness', 'DPC', 0, true, '2026-02-19 12:13:34.405716+00', '2026-02-19 12:13:34.405716+00', 'wykamol_ultracure_dpc_cream', NULL, '1ltr Cartridge');
INSERT INTO public.materials_catalog VALUES ('e5a86d10-806e-47b5-b748-15ca21e9e06e', 'Drill Plugs 12mm Grey or Black', 'Preservation Shop', 'https://www.preservationshop.co.uk/product/12mm-drill-plugs-grey-for-dpc-injection/', 0.04, 'Each', '50 plugs per 6 LM', 'DPC', 0, true, '2026-02-19 12:13:34.405716+00', '2026-02-19 12:13:34.405716+00', 'drill_plugs_12mm', NULL, 'Each (packs of 50)');
INSERT INTO public.materials_catalog VALUES ('34321e91-75bf-4212-bc8b-b342df4f41c4', 'Wykamol CM3 Mesh Cavity Drain Membrane - 1 mtr', 'Preservation Shop', 'https://www.preservationshop.co.uk/product/wykamol-cm3-mesh-cavity-drain-membrane/', 4.17, 'M2', '5 M2 per roll', 'Wall Membrane', 0, true, '2026-02-19 12:13:34.405716+00', '2026-02-19 12:13:34.405716+00', 'cm3_membrane_1m', 5.00, 'Roll x 5m');
INSERT INTO public.materials_catalog VALUES ('c3ed5ad4-3ef0-4e8c-976a-5516718811de', 'Wykamol CM3 Mesh Cavity Drain Membrane - 1.2mtr', 'Preservation Shop', 'https://www.preservationshop.co.uk/product/wykamol-cm3-mesh-cavity-drain-membrane/', 4.45, 'M2', '5 M2 per roll', 'Wall Membrane', 0, true, '2026-02-19 12:13:34.405716+00', '2026-02-19 12:13:34.405716+00', 'cm3_membrane_1_2m', 5.00, 'Roll x 5m');
INSERT INTO public.materials_catalog VALUES ('7c9db1ea-4469-411f-bd30-e3429376cd42', 'Wykamol CM3 Mesh Cavity Drain Membrane - 2mtr', 'Preservation Shop', 'https://www.preservationshop.co.uk/product/wykamol-cm3-mesh-cavity-drain-membrane/', 4.42, 'M2', '5 M2 per roll', 'Wall Membrane', 0, true, '2026-02-19 12:13:34.405716+00', '2026-02-19 12:13:34.405716+00', 'cm3_membrane_2m', 5.00, 'Roll x 5m');
INSERT INTO public.materials_catalog VALUES ('c64c46c1-438b-4e52-b199-5372e655e7f4', 'Cavity Membrane Fixing Plugs 50mm', 'Preservation Shop', 'https://www.preservationshop.co.uk/product/cavity-membrane-fixing-plugs-50mm/', 0.09, 'Each', '10 plugs per M2', 'Wall Membrane', 0, true, '2026-02-19 12:13:34.405716+00', '2026-02-19 12:13:34.405716+00', 'membrane_fixing_plugs_50mm', NULL, 'Each (packs of 20)');
INSERT INTO public.materials_catalog VALUES ('f4ab07d8-a2ef-48ce-81af-784d9008eaf7', 'Wykamol Membrane Sealing Tape 28mm x 22m', 'Preservation Shop', 'https://www.preservationshop.co.uk/product/wykamol-membrane-sealing-tape-28mm-x-22m/', 19.16, 'Roll', '22 LM per roll', 'Wall Membrane', 0, true, '2026-02-19 12:13:34.405716+00', '2026-02-19 12:13:34.405716+00', 'membrane_sealing_tape', 22.00, 'Roll x 22m');
INSERT INTO public.materials_catalog VALUES ('2b5a4d69-9823-4a6b-bf8c-9f3f543092f7', 'Wykamol Technoseal Liquid DPM 5ltr', 'Preservation Shop', 'https://www.preservationshop.co.uk/product/wykamol-technoseal-liquid-damp-proofing-membrane-dpm/', 23.33, '5ltr Container', '80 LM per 5ltr', 'Wall Membrane', 0, true, '2026-02-19 12:13:34.405716+00', '2026-02-19 12:13:34.405716+00', 'technoseal_dpm', 80.00, '5ltr Container');
INSERT INTO public.materials_catalog VALUES ('bb4465ce-67d8-4913-a622-aeeb70494d64', 'Wykamol Universal Mortar 25kg', 'Preservation Shop', 'https://www.preservationshop.co.uk/product/wykamol-universal-mortar/', 24.51, '25kg Bag', '12 LM per 25kg bag', 'Wall Membrane', 0, true, '2026-02-19 12:13:34.405716+00', '2026-02-19 12:13:34.405716+00', 'universal_mortar', 12.00, '25kg Bag');
INSERT INTO public.materials_catalog VALUES ('7aeae77e-c0f0-4773-83a9-bb50fd38bd84', 'Wykamol Membrane Fibre/Fleece Tape 115mm x 5m', 'Preservation Shop', 'https://www.preservationshop.co.uk/product/wykamol-fibre-tape/', 10.83, 'Roll', '5 LM per roll', 'Wall Membrane', 0, true, '2026-02-19 12:13:34.405716+00', '2026-02-19 12:13:34.405716+00', 'fibre_fleece_tape', 5.00, 'Roll x 5m');
INSERT INTO public.materials_catalog VALUES ('1ae9a1f2-1720-4d44-964a-23de38c1ea48', 'Wykamol Rope 10mm x 5m', 'Preservation Shop', 'https://www.preservationshop.co.uk/product/wykamol-rope-10mm-x-5m/', 10.33, 'Roll', '5 LM per roll', 'Wall Membrane', 0, true, '2026-02-19 12:13:34.405716+00', '2026-02-19 12:13:34.405716+00', 'rope_10mm', 5.00, 'Roll x 5m');
INSERT INTO public.materials_catalog VALUES ('7372048e-04f5-4e6e-bc58-cac9085375e4', 'Wykamol SBR Latex 5ltr', 'Preservation Shop', 'https://www.preservationshop.co.uk/product/wykamol-sbr-latex-5l/', 16.66, '5ltr Container', '8 M2 per 5ltr', 'Cementitious Tanking', 0, true, '2026-02-19 12:13:34.405716+00', '2026-02-19 12:13:34.405716+00', 'sbr_latex_5ltr', 8.00, '5ltr Container');
INSERT INTO public.materials_catalog VALUES ('cf2e68db-3880-4970-bf04-a0750a9fe4e7', 'Building Sand', NULL, NULL, 2.79, 'Per bag', '4 M2 per bag', 'Cementitious Tanking', 0, true, '2026-02-19 12:13:34.405716+00', '2026-02-19 12:13:34.405716+00', 'building_sand', 4.00, 'Per bag');
INSERT INTO public.materials_catalog VALUES ('643dc3e8-3fc4-4442-8417-6354fe5f8a23', 'Cement 25kg', 'Preservation Shop', 'https://www.preservationshop.co.uk/product/cement/', 7.69, 'Per bag', '4 M2 per bag', 'Cementitious Tanking', 0, true, '2026-02-19 12:13:34.405716+00', '2026-02-19 12:13:34.405716+00', 'cement_25kg', 4.00, '25kg Bag');
INSERT INTO public.materials_catalog VALUES ('e3696105-c6d5-4119-ae97-0e18ebfe1cb7', 'Wykamol Hydradry Tanking Slurry 20kg', 'Preservation Shop', 'https://www.preservationshop.co.uk/product/hydradry-tanking-slurry/', 21.70, '20kg Container', '7 M2 per tub', 'Cementitious Tanking', 0, true, '2026-02-19 12:13:34.405716+00', '2026-02-19 12:13:34.405716+00', 'hydradry_tanking_slurry', 7.00, '20kg Container');
INSERT INTO public.materials_catalog VALUES ('433ce172-03d7-4529-885d-88547bce8001', 'Wykamol Renovating Plaster 20kg Bag', 'Preservation Shop', 'https://www.preservationshop.co.uk/product/renovating-plaster/', 16.25, '20kg Bag', '3 M2 per 20kg bag', 'Cementitious Tanking', 0, true, '2026-02-19 12:13:34.405716+00', '2026-02-19 12:13:34.405716+00', 'renovating_plaster', 3.00, '20kg Bag');
INSERT INTO public.materials_catalog VALUES ('1fd0d8ee-d103-4384-b711-1dc8b10da1f7', 'EP40 2 Pack Resin Primer 5ltr', 'Preservation Shop', 'https://www.preservationshop.co.uk/product/ep40-primer-coat/', 56.70, '5ltr Container', '30 M2 per tub', 'Floor Resin', 0, true, '2026-02-19 12:13:34.405716+00', '2026-02-19 12:13:34.405716+00', 'ep40_primer', 30.00, '5ltr Container');
INSERT INTO public.materials_catalog VALUES ('1c11586e-237c-47cb-9190-64f24dcc2c64', 'EP40 Epoxy Floor Coating 5ltr Grey', 'Preservation Shop', 'https://www.preservationshop.co.uk/product/wykamol-ep40-epoxy-floor-coating-5l-grey/', 63.70, '5ltr Container', '30 M2 per tub', 'Floor Resin', 0, true, '2026-02-19 12:13:34.405716+00', '2026-02-19 12:13:34.405716+00', 'ep40_topcoat', 30.00, '5ltr Container');
INSERT INTO public.materials_catalog VALUES ('9cd6c6d3-b91e-4b86-af1d-bc7ec06b34d2', 'Grip Grit', 'Preservation Shop', 'https://www.preservationshop.co.uk/product/grip-grit/', 2.08, 'Bag', '25 M2 per bag', 'Floor Resin', 0, true, '2026-02-19 12:13:34.405716+00', '2026-02-19 12:13:34.405716+00', 'grip_grit', 25.00, 'Bag');
INSERT INTO public.materials_catalog VALUES ('a67d7a7d-6426-48c3-a323-ac97cd9fed60', 'Plasterboards 1220mm x 900mm x 9.5mm', NULL, NULL, 8.24, 'Each', '1.098 M2 per board', 'Plastering', 0, true, '2026-02-19 12:13:34.405716+00', '2026-02-19 12:13:34.405716+00', 'plasterboard_9_5mm', 1.10, 'Each');
INSERT INTO public.materials_catalog VALUES ('a17e601e-2512-49a6-98a7-aa2df7cd85bb', 'Plastering Stop Bead - 3m length', NULL, NULL, 1.00, 'Each', NULL, 'Plastering', 0, true, '2026-02-19 12:13:34.405716+00', '2026-02-19 12:13:34.405716+00', 'plastering_stop_bead_3m', NULL, 'Each');
INSERT INTO public.materials_catalog VALUES ('bdfa7e90-4662-4005-b5a1-3a91c53c5921', 'Thin Coat Angle/Corner Bead - 2.4m length', NULL, NULL, 1.66, 'Each', NULL, 'Plastering', 0, true, '2026-02-19 12:13:34.405716+00', '2026-02-19 12:13:34.405716+00', 'thin_coat_angle_bead_2_4m', NULL, 'Each');
INSERT INTO public.materials_catalog VALUES ('bdbed0ea-96e0-42fa-9cef-26a32e1a2678', 'Thin Coat Angle/Corner Bead - 3m length', NULL, NULL, 2.49, 'Each', NULL, 'Plastering', 0, true, '2026-02-19 12:13:34.405716+00', '2026-02-19 12:13:34.405716+00', 'thin_coat_angle_bead_3m', NULL, 'Each');
INSERT INTO public.materials_catalog VALUES ('59d0f83d-2c3c-4287-8c7f-04578b7e5048', 'Multi Finish Plaster 25kg Bag (British Gypsum Thistle)', 'Preservation Shop', 'https://www.preservationshop.co.uk/product/multi-finish-plaster-25kg-bag-british-gypsum-thistle/', 12.08, '25kg Bag', '10 M2 per bag', 'Plastering', 0, true, '2026-02-19 12:13:34.405716+00', '2026-02-19 12:13:34.405716+00', 'multi_finish_plaster_25kg', 10.00, '25kg Bag');
INSERT INTO public.materials_catalog VALUES ('d85366dd-0cee-4c8e-93b5-70a9c7768ef1', 'Wykamol ISO-THERM TIWI 0.95m x 7.5m', 'Preservation Shop', 'https://www.preservationshop.co.uk/product/wykamol-iso-therm-thin-internal-wall-insulation-tiwi-1m-x-7-5m/', 27.60, 'Roll', '7.125 M2 per roll', 'Plastering', 0, true, '2026-02-19 12:13:34.405716+00', '2026-02-19 12:13:34.405716+00', 'isotherm_tiwi', 7.13, 'Roll (7.125 M2)');
INSERT INTO public.materials_catalog VALUES ('c896c23e-3633-4647-a5d5-c2220459fe14', 'Wykamol ISO-THERM Adhesive For TIWI 15kg', 'Preservation Shop', 'https://www.preservationshop.co.uk/product/wykamol-iso-therm-adhesive-for-thin-internal-wall-insulation-tiwi/', 38.50, '15kg tub', '7.125 M2 per tub', 'Plastering', 0, true, '2026-02-19 12:13:34.405716+00', '2026-02-19 12:13:34.405716+00', 'isotherm_adhesive', 7.13, '15kg tub');
INSERT INTO public.materials_catalog VALUES ('9143ee6c-e7bf-450e-b06f-554ae8427607', 'Plastic Airbrick 9 x 3 (Beige, Black or Terracotta)', 'Preservation Shop', 'https://www.preservationshop.co.uk/product/plastic-air-brick-9-x-3/', 1.66, 'Each', '2 per installed airbrick', 'Airbricks', 0, true, '2026-02-19 12:13:34.405716+00', '2026-02-19 12:13:34.405716+00', 'plastic_airbrick', NULL, 'Each');
INSERT INTO public.materials_catalog VALUES ('c8decbcc-d306-4de3-a4a3-edd7db091aa0', 'Wykamol Microtech Dual Purpose Concentrate 400g', 'Preservation Shop', 'https://www.preservationshop.co.uk/product/wykamol-microtech-dual-purpose-concentrate/', 20.97, '400g bottle', '100 M2 per 400g', 'Spray Treatments', 0, true, '2026-02-19 12:13:34.405716+00', '2026-02-19 12:13:34.405716+00', 'microtech_concentrate', 100.00, '400g bottle');
INSERT INTO public.materials_catalog VALUES ('a642303c-c8a3-470a-a5ea-a40ceb59a3c4', 'Wykamol Enviroseal Liquid Water Repellent 5ltr', 'Preservation Shop', 'https://www.preservationshop.co.uk/product/wykamol-enviroseal-liquid-water-repellent/', 12.50, '5ltr Container', '25 M2 per 5ltr', 'Aquaban', 0, true, '2026-02-19 12:13:34.405716+00', '2026-02-19 12:13:34.405716+00', 'enviroseal_water_repellent', 25.00, '5ltr Container');

-- ─────────────────────────────────────────────
-- 5. report_templates (4 rows) — Default report templates per survey type
-- ─────────────────────────────────────────────
INSERT INTO public.report_templates VALUES ('6328a3f5-88db-47f7-b3ee-9a08e9bc95d8', 'Condensation Survey Report v1', 'condensation', 1, '[{"key": "cover", "type": "cover", "order": 1, "title": "Report", "required": true, "data_fields": ["client_name", "site_address", "site_address_line2", "site_city", "site_county", "site_postcode", "internal_reference", "inspection_date", "weather_conditions", "temperature_c"], "content_source": "survey_data"}, {"key": "property", "type": "property", "order": 2, "title": "The Property", "required": true, "data_fields": ["property_type", "construction_type", "approx_build_year"], "content_source": "mixed", "photo_categories": ["property_front", "building_exterior", "street_view"]}, {"key": "survey_context", "type": "boilerplate", "order": 3, "title": "The Survey/Specific Defects Inspection", "required": true, "sub_sections": [{"key": "general_notes", "type": "boilerplate", "order": 1, "title": "", "required": true, "content_source": "template", "boilerplate_variants": [{"text": "Our findings and proposals are set out below and should be read in conjunction with the enclosed document ''General Notes for clients and Health and Safety precautions''.", "condition": "always"}]}, {"key": "orientation", "type": "boilerplate", "order": 2, "title": "Orientation", "required": true, "content_source": "template", "boilerplate_variants": [{"text": "The terms left, right, front and rear are used in accordance with facing the front elevation from the outside of the building.", "condition": "always"}]}, {"key": "scope", "type": "boilerplate", "order": 3, "title": "The Scope", "required": true, "content_source": "template", "boilerplate_variants": [{"text": "Our specific defects inspection was solely to identify evidence of problems that you have requested us to inspect which was that of mould and condensation within the above property.", "condition": "always"}]}, {"key": "abbreviations", "type": "boilerplate", "order": 4, "title": "Abbreviations Used In Report", "required": true, "content_source": "template", "boilerplate_variants": [{"text": "PIV = Positive Input Ventilation, ACMs = Asbestos containing materials.", "condition": "always"}]}], "content_source": "template", "boilerplate_variants": [{"text": "In accordance with your specific instructions, we carried out a survey of the above property for problems with mould, mildew & condensation.", "condition": "always"}]}, {"key": "internal_inspection", "type": "findings", "order": 4, "title": "Internal Inspection", "required": true, "data_fields": ["humidity_reading"], "repeats_per": "room", "content_source": "mixed", "llm_prompt_hint": "Describe the condensation and mould findings for each room inspected. Reference humidity readings, window condensation, mould severity, and ventilation observations. Include inline photo references.", "photo_categories": ["condensation_evidence", "room_overview"], "boilerplate_variants": [{"text": "During the internal inspection the following issues were noted:", "condition": "always"}, {"text": "Condensation, was apparent on the windows.", "condition": "condensation_on_windows"}, {"text": "Areas of low temperature/poor air movement to the walls creating dew points.", "condition": "low_temp_dew_points"}, {"text": "Black spot mould was present within the building.", "condition": "black_mould"}, {"text": "There was a lack of ventilation and air movement within the property.", "condition": "lack_ventilation"}, {"text": "We suspect poor insulation values due to solid brick walls.", "condition": "poor_insulation"}, {"text": "Humidity readings were taken within the property, these readings peaked at", "condition": "humidity_reading"}]}, {"key": "causes", "type": "findings", "order": 5, "title": "Causes", "required": true, "content_source": "mixed", "llm_prompt_hint": "Explain the root causes of the condensation problems based on the survey findings. Reference lack of ventilation, poor insulation, humidity levels, and any contributing factors.", "boilerplate_variants": [{"text": "The above problems have been caused by:", "condition": "always"}, {"text": "A lack of ventilation and air movement within the property.", "condition": "cause_ventilation"}, {"text": "Poor insulation values of solid brick walls.", "condition": "cause_insulation"}, {"text": "Dampness within the fabric of the building.", "condition": "cause_dampness"}, {"text": "Lack of ventilation and air movement with the property have caused elevated humidity levels within the building.", "condition": "cause_elevated_humidity"}, {"text": "It is our opinion that the current extraction and ventilation at the property does not provide sufficient ventilation", "condition": "cause_insufficient_extraction"}]}, {"key": "proposals", "type": "proposals", "order": 6, "title": "Proposal", "required": true, "data_fields": ["piv_type", "piv_count", "fan_count"], "content_source": "mixed", "boilerplate_variants": [{"text": "We would propose for the following works to be carried out:", "condition": "always"}, {"text": "Supply and install a system of devices and measures to introduce fresh air and remove stale damp air. This system will reduce humidity levels and create air movement to combat the condensation problem within the property.", "condition": "ventilation_system"}, {"text": "You will need the following services:", "condition": "services_header"}, {"text": "Supply & install of loft mounted Dryair PIV heated unit(s) to the following area(s):", "condition": "piv_loft_heated"}, {"text": "Loft area and diffusor to hallway ceiling", "condition": "piv_loft_diffusor"}, {"text": "Supply & install of loft mounted Dryair PIV unheated unit(s) to the following area(s):", "condition": "piv_loft_unheated"}, {"text": "Supply & install of wall mounted Dryair PIV heated unit(s) to the following area(s):", "condition": "piv_wall_heated"}, {"text": "Supply & install of Humidistat trickle and boost fan(s) to the following area(s):", "condition": "fans_humidistat"}, {"text": "Upgrade the existing extractors at the property", "condition": "fans_upgrade"}, {"text": "Supply and installation of any necessary electrical fittings/ducting/trunking/grilles required for the installation of Fans/PIVs/Vents (if applicable).", "condition": "electrical_fittings"}, {"text": "Supply of labour and materials to treat and kill black mould (Any area treated for mould may require you to redecorate).", "condition": "mould_treatment"}, {"text": "Asbestos testing: The ceiling/areas designated for the above installations is covered in Artex/decorative plasterwork. These applications can be Asbestos containing materials (ACMs). It will therefore be necessary to have these tested prior to works commencing.", "condition": "asbestos_test"}, {"text": "Electrical system not up to current standards: A check of your electrical system revealed that it was not up to current standards. We recommend that you contact a qualified electrician to upgrade your system.", "condition": "electrical_not_current"}]}, {"key": "loft_access", "type": "findings", "order": 7, "title": "Loft Access", "required": false, "content_source": "mixed", "photo_categories": ["general"], "boilerplate_variants": [{"text": "Supply and install of new loft hatch with sturdy fold down ladder, handrail and switched lamp.", "condition": "new_loft_hatch"}, {"text": "Supply of labour and materials to enlarge current loft hatch.", "condition": "enlarge_loft_hatch"}]}, {"key": "piv_info", "type": "boilerplate", "order": 8, "title": "Additional Information: Benefits of PIV systems", "required": false, "content_source": "template", "boilerplate_variants": [{"text": "For more information on the benefits of Positive Input Ventilation systems please visit the link below:\nhttps://www.tyneteesdampproofing.co.uk/piv-video/", "condition": "piv_selected"}]}, {"key": "extent_of_survey", "type": "closing", "order": 9, "title": "Extent Of Survey", "required": true, "content_source": "template", "boilerplate_variants": [{"text": "You should be aware that we have reported upon condensation problems evident to us at the time of our inspection and in accordance with your instructions. If there are any omissions or if you believe that we have misinterpreted your survey instruction, please let us know at once. Our recommendations will be for improvements that will help to combat the problems reported and visible to our surveyor at the time of inspection. Please read carefully the content of this report and all of its enclosures.", "condition": "always"}]}, {"key": "external_inspection", "type": "findings", "order": 10, "title": "EXTERNAL INSPECTION", "required": true, "data_fields": ["building_defects_found", "building_defects"], "sub_sections": [{"key": "building_defects", "type": "findings", "order": 1, "title": "Building Defects", "required": true, "content_source": "mixed", "boilerplate_variants": [{"text": "See Damp report for building defects.", "condition": "see_damp_report"}, {"text": "No building defects were noted at the time of our inspection.", "condition": "no_defects"}, {"text": "We noted the following building defects:", "condition": "defects_found"}, {"text": "The above items should be checked and addressed in the short term (3 months maximum) as they have been identified as possible causes of moisture ingress to the fabric of the building, failure to correct them may exacerbate the reported problems.", "condition": "defects_warning"}]}], "content_source": "mixed", "photo_categories": ["building_defect"]}, {"key": "surveyor_comments", "type": "findings", "order": 11, "title": "Additional Supporting Comments From Surveyor", "required": false, "content_source": "llm_generated", "llm_prompt_hint": "Provide practical advice about managing condensation. Mention repainting tips (stain blocker for ceilings), ventilation habits, and any additional observations. Keep tone professional but accessible."}, {"key": "surveyor_signature", "type": "signature", "order": 12, "title": "Report Author", "required": true, "data_fields": ["surveyor_name", "surveyor_credentials", "surveyor_title"], "content_source": "survey_data", "boilerplate_variants": [{"text": "Report produced under the guidance of Tyne Tees Damp Proofing Ltd by:", "condition": "always"}]}]', '{"company_name": "Tyne Tees Damp Proofing Ltd", "piv_info_url": "https://www.tyneteesdampproofing.co.uk/piv-video/", "title_prefix": "Specific Defects Inspection - Condensation", "abbreviations": {"PIV": "Positive Input Ventilation", "ACMs": "Asbestos containing materials"}, "company_website": "https://www.tyneteesdampproofing.co.uk", "guarantee_years": 25, "include_sketch_plan": false, "include_payment_terms": false, "general_notes_document": "General Notes for clients and Health and Safety precautions", "payment_deposit_percentage": 30}', true, '2026-02-20 02:08:46.547567+00', '2026-02-20 02:08:46.547567+00');
INSERT INTO public.report_templates VALUES ('7d215ff7-e2e5-4800-99a8-b0800cbad51a', 'Timber Survey Report v1', 'timber', 1, '[{"key": "cover", "type": "cover", "order": 1, "title": "Report", "required": true, "data_fields": ["client_name", "site_address", "site_address_line2", "site_city", "site_county", "site_postcode", "internal_reference", "inspection_date", "weather_conditions", "temperature_c"], "content_source": "survey_data"}, {"key": "property", "type": "property", "order": 2, "title": "The Property", "required": true, "data_fields": ["property_type", "construction_type", "approx_build_year"], "content_source": "mixed", "photo_categories": ["property_front", "building_exterior"]}, {"key": "survey_context", "type": "boilerplate", "order": 3, "title": "The Survey/Specific Defects Inspection", "required": true, "data_fields": ["reported_defect"], "sub_sections": [{"key": "general_notes", "type": "boilerplate", "order": 1, "title": "", "required": true, "content_source": "template", "boilerplate_variants": [{"text": "Our findings and proposals are set out below and should be read in conjunction with the enclosed document ''General Notes for clients and Health and Safety precautions''.", "condition": "always"}]}, {"key": "orientation", "type": "boilerplate", "order": 2, "title": "Orientation", "required": true, "content_source": "template", "boilerplate_variants": [{"text": "The terms left, right, front and rear are used in accordance with facing the front elevation from the outside of the building.", "condition": "always"}]}, {"key": "scope", "type": "boilerplate", "order": 3, "title": "The Scope", "required": true, "content_source": "template", "boilerplate_variants": [{"text": "We must draw to your attention to the scope of our inspection. The inspection was solely to identify evidence of problems which were within those areas pointed out to us at the time of our visit which are listed above. Any areas not specifically referred to in this report have not been included and are not covered by the report or estimate.", "condition": "always"}]}, {"key": "abbreviations", "type": "boilerplate", "order": 4, "title": "Abbreviations Used In Report", "required": true, "content_source": "template", "boilerplate_variants": [{"text": "W/W = Water Weight, SOP = Standard Operating Procedures.", "condition": "always"}]}], "content_source": "mixed", "boilerplate_variants": [{"text": "In accordance with your instructions, we carried out a survey/specific defects inspection to the above property for the reported problem which was:", "condition": "always"}]}, {"key": "external_building_defects", "type": "findings", "order": 4, "title": "External Building Defects", "required": true, "data_fields": ["building_defects_found", "building_defects"], "content_source": "mixed", "photo_categories": ["building_defect"], "boilerplate_variants": [{"text": "No building defects were noted at the time of our inspection.", "condition": "no_defects"}, {"text": "We noted the following building defects:", "condition": "defects_found"}, {"text": "The above items should be checked and addressed in the short term (3 months maximum) as they have been identified as possible causes of moisture ingress to the fabric of the building, failure to correct them may exacerbate the reported problems.", "condition": "defects_warning"}, {"text": "You should check your lease and find who is responsible for the upkeep of the roof, it is possible the upstairs flat may need to carry out the repairs or it could be shared cost. Whilst the roof repairs may fall under the freeholder''s responsibility, any damp or timber decay resulting from the roof failure will be your responsibility to remedy.", "condition": "flat_lease_warning"}]}, {"key": "ground_levels", "type": "findings", "order": 5, "title": "External Ground Levels", "required": false, "content_source": "mixed", "boilerplate_variants": [{"text": "There were no apparent ground level issues.", "condition": "no_ground_issues"}, {"text": "We noted high ground levels to the following areas:", "condition": "high_ground_levels"}, {"text": "External ground was falling towards building at:", "condition": "ground_falling_towards"}, {"text": "All ground levels to be maintained at a minimum of 150mm below DPC level, paths, drives, yards etc should not cause rainwater etc to run against your property walls. You should arrange work to correct this as a matter of urgency. Ideally, ground levels should be sloping away from the building to shed rainwater and to allow the building to dry out.", "condition": "ground_recommendation"}, {"text": "The rear yard would benefit from the installation of an aco drain channel to carry water to the drain.", "condition": "aco_drain_recommended"}]}, {"key": "sub_floor_ventilation", "type": "findings", "order": 6, "title": "Sub Floor Ventilation", "required": true, "data_fields": ["airbrick_clean_count", "airbrick_upgrade_count", "airbrick_new_count"], "content_source": "mixed", "boilerplate_variants": [{"text": "There were no airbricks installed.", "condition": "no_airbricks"}, {"text": "It was not possible to inspect the airbricks due to the following:", "condition": "airbricks_not_inspectable"}, {"text": "The sub floor voids were ventilated by the following ''visible'' number of airbricks:", "condition": "airbricks_present"}, {"text": "Remove air bricks, check airflow, adjust as necessary, clean debris & reinstall.", "condition": "proposal_remove_clean"}, {"text": "Install new 225 x 150 additional airbricks.", "condition": "proposal_install_new"}, {"text": "This will increase the airflow through the floor voids, reduce the humidity and the moisture content of linked timbers, which will greatly reduce the chances of attack by wood rotting fungi such as dry rot (serpulae lacrymans) in the future.", "condition": "proposal_benefit"}, {"text": "Lift the existing air bricks.", "condition": "proposal_lift"}, {"text": "Lifting the airbricks will help to prevent water ponding and snow melting, causing water to run into the sub floor void, elevating the moisture levels of the timbers within.", "condition": "lift_benefit"}, {"text": "No further works required.", "condition": "no_works_required"}]}, {"key": "room_inspection", "type": "findings", "order": 7, "title": "Internal Room Inspection Details", "required": true, "data_fields": ["room_name", "room_designation", "moisture_reading"], "repeats_per": "room", "sub_sections": [{"key": "ceiling", "type": "findings", "order": 1, "title": "Ceiling", "required": true, "content_source": "mixed", "boilerplate_variants": [{"text": "At the time of inspection there were no defects to the ceilings of this room.", "condition": "no_defects"}, {"text": "At the time of inspection the following defects were observed to the ceiling of this room:", "condition": "defects_found"}]}, {"key": "walls", "type": "findings", "order": 2, "title": "Walls", "required": true, "content_source": "mixed", "boilerplate_variants": [{"text": "At the time of inspection there were no defects to the walls of this room.", "condition": "no_defects"}, {"text": "At the time of inspection the following defects were observed to the walls of this room:", "condition": "defects_found"}]}, {"key": "floors_voids", "type": "findings", "order": 3, "title": "Floors and floor voids", "required": true, "content_source": "mixed", "boilerplate_variants": [{"text": "At the time of inspection there were no defects to the floor voids of this room.", "condition": "no_defects"}, {"text": "At the time of inspection the following defects were observed to the floor voids of this room:", "condition": "defects_found"}]}, {"key": "moisture_reading", "type": "data", "order": 4, "title": "Moisture Reading", "required": false, "content_source": "survey_data", "boilerplate_variants": [{"text": "Moisture reading taken from the timbers was recorded as:", "condition": "reading_taken"}]}], "content_source": "mixed", "llm_prompt_hint": "For each room, describe: room name and designation, ceiling condition, wall condition (joinery timbers, woodworm, wood rot, dampness), floor void condition (woodworm, wood rot, woodboring insects), and moisture reading. Reference photos inline.", "photo_categories": ["timber_damage", "room_overview"]}, {"key": "summary", "type": "findings", "order": 8, "title": "Summary", "required": true, "content_source": "mixed", "llm_prompt_hint": "Aggregate all room findings into a concise summary. List the timber issues found and their locations.", "boilerplate_variants": [{"text": "The timbers were suffering from the following issues:", "condition": "issues_intro"}, {"text": "A woodworm infestation, the attack was of common furniture beetle (anobium punctatum)", "condition": "issue_woodworm"}, {"text": "An attack of wood rotting fungi, this was identified as wet rot", "condition": "issue_wet_rot"}, {"text": "Rotting timbers were also suffering from an infestation of woodboring weevil (Pentarthrum Huttoni)", "condition": "issue_woodboring_weevil"}, {"text": "An attack of wood rotting fungi, this was identified as dry rot (sepulae lacrymans)", "condition": "issue_dry_rot"}, {"text": "A high W/W moisture level to the floor timbers, this was due to a lack of ventilation to the sub floor voids", "condition": "issue_high_moisture"}]}, {"key": "dry_rot_party_wall", "type": "boilerplate", "order": 9, "title": "Dry Rot - Treatment And Party Wall Act", "required": false, "content_source": "template", "boilerplate_variants": [{"text": "Should an attack of dry rot affect the party wall (the wall between you and your neighbouring property) it is important that we treat the fungal attack in its entirety, that is from both sides. The homeowner is required by law to give notice to their neighbour before carrying out work that affects a shared wall.", "condition": "dry_rot_party_wall"}, {"text": "Please find attached letter of notification to print out and pass to your neighbour, this should also assist with your party wall obligations (you are legally required to tell your neighbour of anything that may affect the party wall).", "condition": "party_wall_letter"}, {"text": "Non-guaranteed work: The work in this quotation is carried out as per your instructions and not as per our recommendations, we have no way of knowing if the attack has spread to adjoining properties. The guarantee will not apply to the party wall treatment.", "condition": "non_guaranteed_party_wall"}]}, {"key": "proposals", "type": "proposals", "order": 10, "title": "Proposals", "required": true, "content_source": "mixed", "boilerplate_variants": [{"text": "We would propose for the following works to be carried out:", "condition": "always"}, {"text": "Treatment for Dry Rot attack, as per the schedule specified below.", "condition": "proposal_dry_rot"}, {"text": "Timber replacement and treatment for wood rot, as per the schedule specified below.", "condition": "proposal_wet_rot"}, {"text": "Timber replacement and treatment for wood rot and woodboring insects, as per the schedule specified below.", "condition": "proposal_wet_rot_weevil"}, {"text": "Treatment for woodworm infestation, as per the schedule specified below.", "condition": "proposal_woodworm"}, {"text": "Obtain permission from the vendor to carry out a destructive survey. For your convenience we have included a pre-filled email template to request permission from the property owner.", "condition": "proposal_destructive_survey"}]}, {"key": "treatment_schedule", "type": "treatment", "order": 11, "title": "Treatment Schedule", "required": false, "sub_sections": [{"key": "schedule_woodworm", "type": "treatment", "order": 1, "title": "Schedule For Treatment Of Woodworm", "required": false, "content_source": "template", "boilerplate_variants": [{"text": "Create openings/lift floorboards as required ensuring no nails left sticking out of removed boards.\nCover open electric outlets with polythene to prevent wetting (electric shock hazard).\nApply fog to voids/surfaces as per SOP.\nMake good to all areas treated.", "condition": "woodworm_treatment"}]}, {"key": "schedule_dry_rot", "type": "treatment", "order": 2, "title": "Schedule For Treatment Of Dry Rot", "required": false, "content_source": "template", "boilerplate_variants": [{"text": "Open up affected area.\nSupport any structural bearing timbers for duration of works.\nCut out affected timbers as per SOP.\nTreat all remaining timber cut ends as per SOP.\nPrepare and place new timbers, do not fix.\nRemove new timbers.\nTreat all masonry as per SOP.\nClean out and sterilise joist wall socket holes as per SOP.\nApply fungal treatment gel to walls.\nInstall membrane system to protect walls and promote drying of masonry.\nTreat all surfaces of new timbers.\nInstall bower beam metal plating system.\nTreat and endwrap joists as per SOP.\nInstall and fix new timbers as per SOP.\nBag up and remove debris to safe external area.\nClean and tidy site.", "condition": "dry_rot_treatment"}]}, {"key": "schedule_wet_rot", "type": "treatment", "order": 3, "title": "Schedule For Treatment Of Wet Rot", "required": false, "content_source": "template", "boilerplate_variants": [{"text": "Open up affected area.\nCut out affected timbers as per SOP.\nTreat all remaining timber cut ends as per SOP.\nTreat all masonry as per SOP.\nClean out and sterilise joist wall socket holes as per SOP.\nTreat and endwrap joists as per SOP.\nInstall and fix new timbers as per SOP.\nBag up and remove debris to safe external area.\nClean and tidy site.", "condition": "wet_rot_treatment"}]}, {"key": "schedule_wet_rot_weevil", "type": "treatment", "order": 4, "title": "Schedule For Treatment Of Wet Rot And Woodboring Weevil", "required": false, "content_source": "template", "boilerplate_variants": [{"text": "Open up affected area.\nCut out affected timbers as per SOP.\nTreat all remaining timber cut ends as per SOP.\nTreat all masonry as per SOP.\nClean out and sterilise joist wall socket holes as per SOP.\nTreat all surfaces of new timbers with dual purpose application.\nTreat and endwrap joists as per SOP.\nInstall and fix new timbers as per SOP.\nBag up and remove debris to safe external area.\nClean and tidy site.", "condition": "wet_rot_weevil_treatment"}]}], "content_source": "template"}, {"key": "surveyor_comments", "type": "findings", "order": 12, "title": "Additional Supporting Comments From Surveyor", "required": false, "content_source": "llm_generated", "llm_prompt_hint": "Provide practical advice about the timber issues found. Mention guarantee details (25 year), recommend full solutions over patching, and note any safety concerns. Reference specific room findings."}, {"key": "ancillary_items", "type": "closing", "order": 13, "title": "Ancillary Items", "required": true, "content_source": "template", "boilerplate_variants": [{"text": "No allowance has been made in our estimate for the removal or replacement of floor coverings, furnishings, furniture, roof void stored contents and any other items that may obstruct our work. Whilst we will be happy to roll back and loosely relay carpets, you should arrange for rooms to be cleared of anything delicate or of value, prior to our arrival on site. Unless otherwise agreed in writing, any time spent clearing areas to enable work to proceed will be charged for at our standard hourly day rates and added to your final account.", "condition": "always"}]}, {"key": "extent_of_survey", "type": "closing", "order": 14, "title": "Extent of Survey", "required": true, "content_source": "template", "boilerplate_variants": [{"text": "The areas we have reported upon are those inspected in accordance with your instructions. If there are any omissions or if you believe that we have misinterpreted your survey instruction, please let us know at once. Where treatment has been recommended, unless otherwise stated above, this is on the understanding that the specified area has not previously been treated and guaranteed.\n\nYou should be aware that we have reported upon problems evident to us at the time of our inspection. We are not commenting in any general sense on the risks of dampness, fungal decay or any other defect not evident at the time of inspection, or that may develop in the future.", "condition": "always"}]}, {"key": "payment_terms", "type": "closing", "order": 15, "title": "Payment", "required": true, "content_source": "template", "boilerplate_variants": [{"text": "An initial payment of 30% of the contract value will be payable in advance, this will give us confidence to order job specific materials, and to book the time for your project into our technicians schedules. The balance should always be paid in full within 7 days of completion.", "condition": "always"}]}, {"key": "surveyor_signature", "type": "signature", "order": 16, "title": "Report Author", "required": true, "data_fields": ["surveyor_name", "surveyor_credentials", "surveyor_title"], "content_source": "survey_data", "boilerplate_variants": [{"text": "Report produced under the guidance of Tyne Tees Damp Proofing Ltd by:", "condition": "always"}]}, {"key": "sketch_plan", "type": "sketch", "order": 17, "title": "Sketch Plan", "required": false, "content_source": "surveyor_input", "photo_categories": ["sketch_plan"]}]', '{"company_name": "Tyne Tees Damp Proofing Ltd", "title_prefix": "Timbers Inspection", "abbreviations": {"SOP": "Standard Operating Procedures", "W/W": "Water Weight"}, "company_website": "https://www.tyneteesdampproofing.co.uk", "guarantee_years": 25, "include_sketch_plan": true, "include_payment_terms": true, "general_notes_document": "General Notes for clients and Health and Safety precautions", "payment_deposit_percentage": 30}', true, '2026-02-20 02:08:46.550329+00', '2026-02-20 02:08:46.550329+00');
INSERT INTO public.report_templates VALUES ('7a9411f3-b962-4310-bbce-1fcb088263c5', 'Woodworm Survey Report v1', 'woodworm', 1, '[{"key": "cover", "type": "cover", "order": 1, "title": "Report", "required": true, "data_fields": ["client_name", "site_address", "site_address_line2", "site_city", "site_county", "site_postcode", "internal_reference", "inspection_date", "weather_conditions", "temperature_c"], "content_source": "survey_data"}, {"key": "property", "type": "property", "order": 2, "title": "The Property", "required": true, "data_fields": ["property_type", "construction_type", "approx_build_year"], "content_source": "mixed", "photo_categories": ["property_front", "building_exterior"]}, {"key": "reported_problem", "type": "data", "order": 3, "title": "Reported Problem", "required": true, "data_fields": ["reported_defect"], "content_source": "survey_data", "boilerplate_variants": [{"text": "Woodworm suspected to:", "condition": "always"}]}, {"key": "scope", "type": "boilerplate", "order": 4, "title": "The Scope", "required": true, "sub_sections": [{"key": "general_notes", "type": "boilerplate", "order": 1, "title": "", "required": true, "content_source": "template", "boilerplate_variants": [{"text": "Our findings and proposals are set out below and should be read in conjunction with the enclosed document ''General Notes for clients and Health and Safety precautions''.", "condition": "always"}]}], "content_source": "template", "boilerplate_variants": [{"text": "We must draw to your attention to the scope of our inspection. The inspection was solely to identify evidence of problems which were within those areas pointed out to us at the time of our visit which are listed above. Any areas not specifically referred to in this report have not been included and are not covered by the report or estimate.", "condition": "always"}]}, {"key": "inspection_findings", "type": "findings", "order": 5, "title": "Inspection", "required": true, "data_fields": ["species_identified", "infestation_status"], "sub_sections": [{"key": "ground_floor_rooms", "type": "findings", "order": 1, "title": "Ground floor rooms:", "required": false, "repeats_per": "room", "content_source": "survey_data"}, {"key": "first_floor_rooms", "type": "findings", "order": 2, "title": "First floor rooms:", "required": false, "repeats_per": "room", "content_source": "survey_data"}, {"key": "loft_rooms", "type": "findings", "order": 3, "title": "Loft area/Attic rooms:", "required": false, "repeats_per": "room", "content_source": "survey_data"}, {"key": "other_rooms", "type": "findings", "order": 4, "title": "Other rooms:", "required": false, "repeats_per": "room", "content_source": "survey_data"}, {"key": "inaccessible_areas", "type": "findings", "order": 5, "title": "Inaccessible Areas", "required": false, "content_source": "mixed", "boilerplate_variants": [{"text": "It was not possible to inspect all timbers at the time of our visit. Some areas were inaccessible because of:", "condition": "inaccessible_intro"}, {"text": "Laminate/Wood overlay.", "condition": "obstruction_laminate"}, {"text": "Tacked or specialist carpet.", "condition": "obstruction_carpet"}, {"text": "Sealed natural floor.", "condition": "obstruction_sealed_floor"}]}], "content_source": "mixed", "photo_categories": ["woodworm_evidence", "room_overview"], "boilerplate_variants": [{"text": "Our surveyor did not identify any damage related to wood boring insects.", "condition": "no_damage"}, {"text": "Our inspection confirmed an historic attack of common furniture beetle (anobium punctatum).", "condition": "historic_attack"}, {"text": "Our inspection confirmed an active infestation of common furniture beetle (anobium punctatum - picture below).", "condition": "active_infestation"}, {"text": "The infestation was noted to the following areas:", "condition": "infestation_areas_intro"}]}, {"key": "proposals", "type": "proposals", "order": 6, "title": "Proposal", "required": true, "data_fields": ["spray_floor_area", "spray_timber_area"], "content_source": "mixed", "boilerplate_variants": [{"text": "No further treatment is necessary.", "condition": "no_treatment"}, {"text": "We would propose for the following works to be carried out:", "condition": "treatment_header"}, {"text": "Create discrete openings as required to facilitate treatment.", "condition": "proposal_discrete_openings"}, {"text": "Carry out treatment for woodboring insects using our environmentally friendly (water based with no solvents or propellants) micro biocidal fluid fogging system.", "condition": "proposal_fogging"}, {"text": "Create access points to facilitate treatment of the staircase.", "condition": "proposal_staircase"}, {"text": "Roof void", "condition": "proposal_roof_void_heading"}, {"text": "Remove loft insulation and set aside to permit access to the roof base timbers.", "condition": "proposal_remove_insulation"}, {"text": "Carry out treatment for the eradication of woodworm infestation.", "condition": "proposal_roof_treatment"}, {"text": "Treat all roof timbers and ceiling studs to the loft area.", "condition": "proposal_treat_roof_timbers"}, {"text": "Replace the loft insulation quilt.", "condition": "proposal_replace_insulation"}, {"text": "Replace structurally compromised timbers to:", "condition": "proposal_replace_timbers"}]}, {"key": "treatment_methodology", "type": "treatment", "order": 7, "title": "Treatment", "required": false, "content_source": "template", "boilerplate_variants": [{"text": "We will apply new generation, Microtec woodworm treatment chemicals using our specialist Electronic aerosol micro spray system. This system allows the work to be carried out with minimum disruption. Treatment by electro-aerosol allows the chemical to permeate all connected voids with extremely high surface coverage even to remote areas.", "condition": "treatment_method"}, {"text": "Loft Insulation (where possible) will be lifted to one side of the roof void area to expose timbers below, that area will be treated. The insulation will then be transferred to the treated side, the now exposed area will be treated and the insulation will be re-laid flat.", "condition": "insulation_handling"}]}, {"key": "exclusion_zone", "type": "boilerplate", "order": 8, "title": "Exclusion Zone", "required": false, "content_source": "template", "boilerplate_variants": [{"text": "There will be no permitted entry to the areas of treatment, during the treatment and for 1 hour after completion of treatment works. Exclusion will be to the whole of all rooms treated and if communal areas such as halls, landings are treated we advise vacating the whole property. This applies to humans and all animals/pets.", "condition": "always"}, {"text": "Fish tanks should be covered and sealed for the same duration. We advise that fish are removed and kept away from the area and that the tank water is changed prior to return of the fish.", "condition": "fish_tanks"}]}, {"key": "ancillary_items", "type": "closing", "order": 9, "title": "Ancillary Items", "required": true, "content_source": "template", "boilerplate_variants": [{"text": "No allowance has been made in our estimate for the removal or replacement of floor coverings, furnishings, furniture, roof void stored contents and any other items that may obstruct our work. Whilst we will be happy to roll back and loosely relay carpets, you should arrange for rooms to be cleared of anything delicate or of value, prior to our arrival on site. Unless otherwise agreed in writing, any time spent clearing areas to enable work to proceed will be charged for at our standard hourly day rates and added to your final account.", "condition": "always"}]}, {"key": "extent_of_survey", "type": "closing", "order": 10, "title": "Extent of Survey", "required": true, "content_source": "template", "boilerplate_variants": [{"text": "The areas we have reported upon are those inspected in accordance with your instructions. If there are any omissions or if you believe that we have misinterpreted your survey instruction, please let us know at once. Where treatment has been recommended, unless otherwise stated above, this is on the understanding that the specified area has not previously been treated and guaranteed.\n\nYou should be aware that we have reported upon problems evident to us at the time of our inspection. We are not commenting in any general sense on the risks of dampness, fungal decay or any other defect not evident at the time of inspection, or that may develop in the future.", "condition": "always"}]}, {"key": "payment_terms", "type": "closing", "order": 11, "title": "Payment", "required": true, "content_source": "template", "boilerplate_variants": [{"text": "An initial payment of 30% of the contract value will be payable in advance, this will give us confidence to order job specific materials, and to book the time for your project into our technicians schedules. The balance should always be paid in full within 7 days of completion.", "condition": "always"}]}, {"key": "surveyor_comments", "type": "findings", "order": 12, "title": "Additional Supporting Comments From Surveyor", "required": false, "content_source": "llm_generated", "llm_prompt_hint": "Provide practical advice about the woodworm findings. If no guarantee or recorded treatment exists, recommend treatment. Mention the guarantee period. Keep tone professional."}, {"key": "surveyor_signature", "type": "signature", "order": 13, "title": "Report Author", "required": true, "data_fields": ["surveyor_name", "surveyor_credentials", "surveyor_title"], "content_source": "survey_data", "boilerplate_variants": [{"text": "Report produced under the guidance of Tyne Tees Damp Proofing Ltd by:", "condition": "always"}]}]', '{"company_name": "Tyne Tees Damp Proofing Ltd", "title_prefix": "Specific Defects Inspection - Woodworm", "abbreviations": {}, "company_website": "https://www.tyneteesdampproofing.co.uk", "guarantee_years": 25, "include_sketch_plan": false, "include_payment_terms": true, "general_notes_document": "General Notes for clients and Health and Safety precautions", "payment_deposit_percentage": 30}', true, '2026-02-20 02:08:46.553006+00', '2026-02-20 02:08:46.553006+00');
INSERT INTO public.report_templates VALUES ('bffd45dc-7b08-4d5d-bfe8-980f9d034358', 'Damp Survey Report v2', 'damp', 2, '[{"key": "cover", "type": "cover", "order": 1, "title": "Survey Report", "required": true, "data_fields": ["client_name", "site_address", "site_city", "site_county", "site_postcode", "reference", "inspection_date", "weather_conditions"], "content_source": "survey_data"}, {"key": "about_us", "type": "boilerplate", "order": 2, "title": "About Tyne Tees Damp Proofing Ltd", "required": true, "content_source": "template", "boilerplate_variants": [{"text": "Tyne Tees Damp Proofing Ltd is a specialist remedial contractor serving residential and commercial clients across the North East of England, including Tyneside, Wearside, Northumberland and County Durham. Our team has been working in the damp proofing industry since 1987.\n\nWe specialise in the diagnosis and treatment of rising damp, penetrating damp, condensation, timber decay (dry rot and wet rot), woodworm infestation and basement waterproofing. Our surveyors are trained to correctly differentiate between the causes of damp — ensuring accurate diagnosis and effective treatment first time.\n\nQualifications & Standards\n\nOur surveyors hold the Certificated Surveyor in Remedial Treatments (CSRT) qualification and are Associate members of the Institute of Specialist Surveyors and Engineers (A.Inst.SSE). All survey and treatment works are carried out using only BBA-approved products and in accordance with current industry best practice.\n\nGuarantees\n\nWe offer 25-year company and insurance-backed guarantees for damp proofing and timber treatment works above external ground level. All guarantees cover both materials and labour. Our membrane products carry a 25-year manufacturer''s product guarantee. Insurance-backed guarantees are issued through the Westminster Protected Guarantee scheme, which operates independently of the contractor and does not rely on renewal premiums for continued cover — providing genuine long-term protection that is fully transferable to future property owners.\n\nOur Track Record\n\nWe maintain a 100% success rate on all damp and timber treatments, with no guarantee claims to date.", "condition": "always"}]}, {"key": "survey_context", "type": "boilerplate", "order": 3, "title": "The Survey", "required": true, "data_fields": ["reported_defect"], "content_source": "mixed", "boilerplate_variants": [{"text": "In accordance with your instructions, we carried out a specific defects inspection of the above property for the following reported problem:\n\nReported defect: {reported_defect}\n\nOrientation\n\nThe terms left, right, front and rear are used as viewed from the outside of the building, facing the front elevation.\n\nScope of Inspection\n\nThis inspection was limited to identifying evidence of the problems listed above within the areas indicated to us at the time of our visit. Any areas not referred to in this report were not inspected and are not covered by our findings or estimate.\n\nWhere treatment has been recommended, this is on the understanding that the specified area has not previously been treated under an existing guarantee, unless otherwise stated.\n\nAbbreviations\n\nDPC — Damp Proof Course · DPM — Damp Proof Membrane · USCC — Under Separate Contract and Costs · ACMs — Asbestos Containing Materials · W/W — Water Weight", "condition": "always"}]}, {"key": "property", "type": "property", "order": 4, "title": "The Property", "required": true, "data_fields": ["property_type", "construction", "build_year"], "content_source": "survey_data", "photo_categories": ["street_view", "property_front"]}, {"key": "external_inspection", "type": "findings", "order": 5, "title": "External Inspection", "required": true, "data_fields": ["building_defects", "wall_tie_concern", "cracking_concern", "ground_level_issues"], "sub_sections": [{"key": "building_defects", "type": "findings", "order": 1, "title": "Building Defects", "required": true, "data_fields": ["building_defects_found", "building_defects"], "content_source": "mixed", "photo_categories": ["building_defect", "roof_defect", "gutter_defect", "pointing_defect"], "boilerplate_variants": [{"text": "No building defects were noted at the time of our inspection.", "condition": "no_defects"}, {"text": "We noted the following building defects:", "condition": "defects_found"}, {"text": "The above items should be checked and addressed in the short term (3 months maximum) as they have been identified as possible causes of moisture ingress to the fabric of the building, failure to correct them may exacerbate the reported problems.", "condition": "defects_warning_cause"}, {"text": "The above items should be checked and addressed in the short term (3 months maximum) as they have been identified as possible causes of moisture ingress to the fabric of the building.", "condition": "defects_warning_general"}, {"text": "You should check your lease and find who is responsible for the upkeep of the roof, it is possible the upstairs flat may need to carry out the repairs or it could be shared cost. Whilst the roof repairs may fall under the freeholder''s responsibility, any damp or timber decay resulting from the roof failure will be your responsibility to remedy.", "condition": "flat_lease_warning"}]}, {"key": "wall_ties", "type": "findings", "order": 2, "title": "Wall Ties", "required": false, "data_fields": ["wall_tie_concern"], "content_source": "mixed", "boilerplate_variants": [{"text": "Our surveyor noted lateral cracks within the render/mortar beds, this is often a sign of decayed wall ties.", "condition": "wall_tie_concern"}, {"text": "You should instruct our survey department to arrange a wall tie survey USCC.", "condition": "wall_tie_recommend_internal"}, {"text": "We would suggest you arrange a wall tie inspection from a reputable specialist under separate contract and costs.", "condition": "wall_tie_recommend_external"}]}, {"key": "cracking", "type": "findings", "order": 3, "title": "Cracking To Walls", "required": false, "data_fields": ["cracking_concern"], "content_source": "mixed", "boilerplate_variants": [{"text": "Our surveyor noted lateral/stepped cracks within the render/mortar beds, this is often a sign of movement within the structure of a building.", "condition": "cracking_concern"}, {"text": "You should instruct our survey department to arrange a structural repair survey USCC.", "condition": "cracking_recommend_survey"}, {"text": "The cracking is quite pronounced and we recommend you advise for a structural engineer to assess the integrity of the building, under separate contract and costs.", "condition": "cracking_recommend_engineer"}]}, {"key": "ground_levels", "type": "findings", "order": 4, "title": "External Ground Levels", "required": false, "content_source": "mixed", "boilerplate_variants": [{"text": "There were no apparent ground level issues.", "condition": "no_ground_issues"}, {"text": "We noted high ground levels to the following areas:", "condition": "high_ground_levels"}, {"text": "External ground was falling towards building at:", "condition": "ground_falling_towards"}, {"text": "All ground levels to be maintained at a minimum of 150mm below DPC level, paths, drives, yards etc should not cause rainwater etc to run against your property walls. You should arrange work to correct this as a matter of urgency. Ideally, ground levels should be sloping away from the building to shed rainwater and to allow the building to dry out.", "condition": "ground_recommendation"}, {"text": "The following areas would benefit from the installation of an aco drain channel to carry water to the drain.", "condition": "aco_drain_recommended"}, {"text": "Lower the ground levels to the affected area of the property to create sufficient clearance below the DPC.", "condition": "lower_ground_levels"}, {"text": "Form a french drain by installing gravel to promote breathing of the walls to reduce damp levels.", "condition": "french_drain_recommended"}]}], "content_source": "mixed", "photo_categories": ["building_defect", "general"]}, {"key": "dpc_findings", "type": "findings", "order": 6, "title": "Damp Proof Course", "required": true, "data_fields": ["dpc_type", "dpc_condition", "dpc_evidence"], "content_source": "mixed", "boilerplate_variants": [{"text": "There is evidence of an original damp proof course in the mortar bed of the property.", "condition": "dpc_original_exists"}, {"text": "There is evidence of a chemical injection damp proof course to the property.", "condition": "dpc_chemical_exists"}, {"text": "The area where the damp proof course should be located, was not visible and we can neither confirm or deny the existence of a damp proof course installation.", "condition": "dpc_not_visible"}, {"text": "It is possible that work may have been carried out by another company in the past.", "condition": "dpc_previous_work"}, {"text": "You should check if any guarantee exists and if the work now required is covered by that guarantee as any work carried out by ourselves may invalidate existing guarantees.", "condition": "dpc_check_guarantee"}, {"text": "Install a low pressure injection damp proof course system, into the mortar courses of the walls as indicated on the attached sketch plan.", "condition": "dpc_proposal"}]}, {"key": "sub_floor_ventilation", "type": "findings", "order": 7, "title": "Sub Floor Ventilation", "required": false, "data_fields": ["airbrick_clean_count", "airbrick_upgrade_count", "airbrick_new_count"], "content_source": "mixed", "boilerplate_variants": [{"text": "There were no airbricks installed.", "condition": "no_airbricks"}, {"text": "It was not possible to inspect the airbricks due to the following:", "condition": "airbricks_not_inspectable"}, {"text": "The sub floor voids were ventilated by the following ''visible'' number of airbricks:", "condition": "airbricks_present"}, {"text": "It is our opinion that the above airbricks are providing sufficient airflow to the sub floor voids as the above reading is below 20% W/W.", "condition": "ventilation_sufficient"}, {"text": "It is our opinion that the above airbricks do not provide sufficient airflow to the sub floor voids as this moisture reading is equal to or above 20% W/W.", "condition": "ventilation_insufficient"}, {"text": "During our inspection it was noted that some of the existing airbricks appeared to be blocked and may be providing insufficient airflow to the sub floor voids.", "condition": "airbricks_blocked"}, {"text": "During our inspection it was noted that some of the existing airbricks were installed too low to the external ground levels and may permit water ingress to the sub floor voids.", "condition": "airbricks_too_low"}, {"text": "Remove air bricks, check airflow, adjust as necessary, clean debris & reinstall.", "condition": "proposal_remove_clean"}, {"text": "Upgrade air bricks to 225 x 150 airbricks.", "condition": "proposal_upgrade"}, {"text": "Install new 225 x 150 additional airbricks.", "condition": "proposal_install_new"}, {"text": "This will increase the airflow through the floor voids, reduce the humidity and the moisture content of linked timbers, which will greatly reduce the chances of attack by wood rotting fungi such as dry rot or wet rot.", "condition": "proposal_benefit"}, {"text": "Lift the existing air bricks.", "condition": "proposal_lift"}, {"text": "Lifting the airbricks will help to prevent water ponding and snow melting, causing water to run into the sub floor void, elevating the moisture levels of the timbers within.", "condition": "lift_benefit"}, {"text": "No further works required.", "condition": "no_works_required"}]}, {"key": "room_findings", "type": "room_findings", "order": 8, "title": "Internal Inspection", "required": true, "repeats_per": "room", "content_source": "llm_generated", "llm_prompt_hint": "Write a 1-2 paragraph narrative for this room describing the damp findings. State what was found, where it was found, and what treatment is recommended. Reference specific measurements. End with the recommended treatment action. Note: This was a non-destructive inspection. All findings are based on visual assessment, electronic moisture meter readings, digital laser thermometer readings and tactile examination of accessible surfaces. No opening up works were carried out.", "photo_categories": ["damp_evidence", "room_general"]}, {"key": "summary_of_works", "type": "data", "order": 9, "title": "Summary of Proposed Works", "required": true, "data_fields": ["rooms_summary", "additional_works"], "content_source": "survey_data"}, {"key": "surveyor_comments", "type": "findings", "order": 10, "title": "Surveyor Comments", "required": false, "content_source": "llm_generated", "llm_prompt_hint": "Write 2-3 paragraphs summarising the overall survey findings. Reference specific rooms, measurements and treatments. State the most urgent priorities. Provide practical context for the homeowner about the recommended works."}, {"key": "ancillary_items", "type": "boilerplate", "order": 11, "title": "Ancillary Items", "required": true, "content_source": "template", "boilerplate_variants": [{"text": "Our estimate does not include the removal or replacement of floor coverings, furnishings, furniture, stored items in roof voids, or any other items that may obstruct the works.\n\nPlease arrange for rooms to be cleared of anything delicate or of value before our arrival on site. We are happy to roll back and loosely relay carpets where possible.\n\nAny time spent clearing areas to enable work to proceed will be charged at our standard day rates and added to your final account, unless otherwise agreed in writing.", "condition": "always"}]}, {"key": "extent_of_survey", "type": "boilerplate", "order": 12, "title": "Extent of Survey", "required": true, "content_source": "template", "boilerplate_variants": [{"text": "We have reported on the areas inspected in accordance with your instructions. If you believe any areas have been omitted or that we have misinterpreted your requirements, please contact us immediately.\n\nOur findings relate to conditions evident at the time of inspection. We are not commenting on the general risk of dampness, fungal decay or any other defect not visible during our visit, or that may develop in the future.", "condition": "always"}]}, {"key": "payment_terms", "type": "boilerplate", "order": 13, "title": "Payment Terms", "required": true, "content_source": "template", "boilerplate_variants": [{"text": "An initial payment of 30% of the contract value is required before works commence. This covers the cost of ordering materials specific to your project and securing a date in our installation schedule.\n\nThe remaining balance is due within 7 days of completion.", "condition": "always"}]}, {"key": "surveyor_profile", "type": "signature", "order": 14, "title": "Your Surveyor", "required": true, "data_fields": ["surveyor_name", "surveyor_title", "surveyor_credentials", "surveyor_photo", "surveyor_experience"], "content_source": "survey_data"}, {"key": "sketch_plan", "type": "sketch", "order": 15, "title": "Sketch Plan", "required": false, "content_source": "surveyor_input"}]', '{"company_name": "Tyne Tees Damp Proofing Ltd", "title_prefix": "Specific Defects Inspection - Rising Damp", "abbreviations": {"DPC": "Damp Proof Course", "DPM": "Damp proof membrane", "W/W": "Water Weight", "ACMs": "Asbestos containing materials", "USCC": "Under separate contract and costs"}, "company_website": "https://www.tyneteesdampproofing.co.uk", "guarantee_years": 25, "include_sketch_plan": true, "include_payment_terms": true, "general_notes_document": "General Notes for clients and Health and Safety precautions", "payment_deposit_percentage": 30}', true, '2026-02-20 02:08:46.536741+00', '2026-02-20 18:40:52.071123+00');

-- ─────────────────────────────────────────────
-- 6. work_sections (14 rows) — Legacy work sections (parent of pricing_items)
-- ─────────────────────────────────────────────
INSERT INTO public.work_sections VALUES ('preparatory', 'Stripping Out / Preparatory Work', 'All preparatory works required before damp proofing', false, 1, '2026-02-04 23:46:37.535969+00', '2026-02-04 23:46:37.535969+00');
INSERT INTO public.work_sections VALUES ('walls_dpc', 'Walls (DPC Installation)', 'Damp proof course installation - traditional or digital', false, 2, '2026-02-04 23:46:37.535969+00', '2026-02-04 23:46:37.535969+00');
INSERT INTO public.work_sections VALUES ('walls_membrane', 'Walls (Cavity Drain Membrane)', 'CM3 mesh cavity drain membrane system', false, 3, '2026-02-04 23:46:37.535969+00', '2026-02-04 23:46:37.535969+00');
INSERT INTO public.work_sections VALUES ('tanking', 'Cementitious Tanking System', 'Internal tanking system for waterproofing', false, 4, '2026-02-04 23:46:37.535969+00', '2026-02-04 23:46:37.535969+00');
INSERT INTO public.work_sections VALUES ('floor_resin', 'Floor Liquid Resin Membranes', 'EP40 epoxy resin floor coating system', false, 5, '2026-02-04 23:46:37.535969+00', '2026-02-04 23:46:37.535969+00');
INSERT INTO public.work_sections VALUES ('plastering', 'Plastering & Finishing', 'All plastering and decorative finishes', false, 6, '2026-02-04 23:46:37.535969+00', '2026-02-04 23:46:37.535969+00');
INSERT INTO public.work_sections VALUES ('insulation', 'Warmline Internal Wall Insulation', 'TIWI thin internal wall insulation system', false, 7, '2026-02-04 23:46:37.535969+00', '2026-02-04 23:46:37.535969+00');
INSERT INTO public.work_sections VALUES ('flooring', 'Floor Joists & Decking', 'Structural timber floor repairs and replacements', false, 8, '2026-02-04 23:46:37.535969+00', '2026-02-04 23:46:37.535969+00');
INSERT INTO public.work_sections VALUES ('airbricks', 'Airbricks & Ventilation', 'Sub-floor ventilation improvements', false, 9, '2026-02-04 23:46:37.535969+00', '2026-02-04 23:46:37.535969+00');
INSERT INTO public.work_sections VALUES ('spray_treatment', 'Spray Treatments', 'Anti-fungal sub-floor treatments', false, 10, '2026-02-04 23:46:37.535969+00', '2026-02-04 23:46:37.535969+00');
INSERT INTO public.work_sections VALUES ('drains', 'Drainage Systems', 'Aco drain and French drain installation', true, 11, '2026-02-04 23:46:37.535969+00', '2026-02-04 23:46:37.535969+00');
INSERT INTO public.work_sections VALUES ('external_treatment', 'External Wall Treatment', 'Aquaban water repellent system', true, 12, '2026-02-04 23:46:37.535969+00', '2026-02-04 23:46:37.535969+00');
INSERT INTO public.work_sections VALUES ('asbestos', 'Asbestos Testing', 'Asbestos survey and testing', true, 13, '2026-02-04 23:46:37.535969+00', '2026-02-04 23:46:37.535969+00');
INSERT INTO public.work_sections VALUES ('overheads', 'Project Specific Overheads', 'Skips, tools, equipment, and project management', false, 14, '2026-02-04 23:46:37.535969+00', '2026-02-04 23:46:37.535969+00');

-- ─────────────────────────────────────────────
-- 7. pricing_items (44 rows) — Legacy pricing items (FK → work_sections)
-- ─────────────────────────────────────────────
INSERT INTO public.pricing_items VALUES ('prep_remove_radiators', 'preparatory', 'Remove radiators & cap valves', 'Each', 7.00, 0.3300, 'MTL', true, NULL, NULL, '2026-02-04 23:46:37.535969+00', '2026-02-04 23:46:37.535969+00');
INSERT INTO public.pricing_items VALUES ('prep_remove_sockets', 'preparatory', 'Remove socket fronts and isolate', 'Each', 2.00, 0.2000, 'MTL', true, NULL, NULL, '2026-02-04 23:46:37.535969+00', '2026-02-04 23:46:37.535969+00');
INSERT INTO public.pricing_items VALUES ('prep_skirting', 'preparatory', 'Skirting board removal & set aside', 'LM', 0.10, 0.0700, 'MTL', true, NULL, NULL, '2026-02-04 23:46:37.535969+00', '2026-02-04 23:46:37.535969+00');
INSERT INTO public.pricing_items VALUES ('prep_strip_wallpaper', 'preparatory', 'Strip Wall Paper', 'M2', 0.50, 0.5000, 'MTL', true, NULL, NULL, '2026-02-04 23:46:37.535969+00', '2026-02-04 23:46:37.535969+00');
INSERT INTO public.pricing_items VALUES ('prep_remove_plaster', 'preparatory', 'Remove plaster/render (Walls)', 'M2', 0.00, 0.3000, 'LBR', true, NULL, NULL, '2026-02-04 23:46:37.535969+00', '2026-02-04 23:46:37.535969+00');
INSERT INTO public.pricing_items VALUES ('prep_remove_stud', 'preparatory', 'Removal of stud walls etc', 'M2', 0.00, 0.4000, 'LBR', true, NULL, NULL, '2026-02-04 23:46:37.535969+00', '2026-02-04 23:46:37.535969+00');
INSERT INTO public.pricing_items VALUES ('prep_remove_ceiling', 'preparatory', 'Plaster & stud Removal (Ceilings)', 'M2', 0.00, 0.8000, 'LBR', true, NULL, NULL, '2026-02-04 23:46:37.535969+00', '2026-02-04 23:46:37.535969+00');
INSERT INTO public.pricing_items VALUES ('prep_remove_floor', 'preparatory', 'Strip out existing timber floor (GF)', 'M2', 0.00, 0.5000, 'LBR', true, NULL, NULL, '2026-02-04 23:46:37.535969+00', '2026-02-04 23:46:37.535969+00');
INSERT INTO public.pricing_items VALUES ('prep_scrape_subfloor', 'preparatory', 'Scrape back/clear sub floors', 'M2', 0.00, 0.2500, 'LBR', true, NULL, NULL, '2026-02-04 23:46:37.535969+00', '2026-02-04 23:46:37.535969+00');
INSERT INTO public.pricing_items VALUES ('prep_bags', 'preparatory', 'Bag up debris & cart outside', 'Bags', 1.00, 0.0100, 'MTL', false, NULL, NULL, '2026-02-04 23:46:37.535969+00', '2026-02-04 23:46:37.535969+00');
INSERT INTO public.pricing_items VALUES ('dpc_traditional', 'walls_dpc', 'DPC Installation - Traditional', 'LM', 0.00, 0.3500, 'LBR', true, NULL, NULL, '2026-02-04 23:46:37.535969+00', '2026-02-04 23:46:37.535969+00');
INSERT INTO public.pricing_items VALUES ('dpc_digital', 'walls_dpc', 'DPC Installation - Digital', 'Each', 0.00, 1.0000, 'LBR', true, NULL, NULL, '2026-02-04 23:46:37.535969+00', '2026-02-04 23:46:37.535969+00');
INSERT INTO public.pricing_items VALUES ('membrane_cm3_1mtr', 'walls_membrane', 'Wall membrane CM3 - 1mtr', 'M2', 0.00, 0.3000, 'LBR', false, NULL, NULL, '2026-02-04 23:46:37.535969+00', '2026-02-04 23:46:37.535969+00');
INSERT INTO public.pricing_items VALUES ('membrane_cm3_1_2mtr', 'walls_membrane', 'Wall membrane CM3 - 1.2mtr', 'M2', 0.00, 0.3000, 'LBR', false, NULL, NULL, '2026-02-04 23:46:37.535969+00', '2026-02-04 23:46:37.535969+00');
INSERT INTO public.pricing_items VALUES ('membrane_plugs', 'walls_membrane', 'Membrane plugs for m2 listed', 'M2', 0.00, 0.2500, 'LBR', false, NULL, NULL, '2026-02-04 23:46:37.535969+00', '2026-02-04 23:46:37.535969+00');
INSERT INTO public.pricing_items VALUES ('sealing_tape', 'walls_membrane', 'Sealing Tape Lm', 'LM', 0.00, 0.1000, 'LBR', false, NULL, NULL, '2026-02-04 23:46:37.535969+00', '2026-02-04 23:46:37.535969+00');
INSERT INTO public.pricing_items VALUES ('technoseal', 'walls_membrane', 'Technoseal Lm', 'LM', 1.00, 0.0167, 'MTL', false, NULL, NULL, '2026-02-04 23:46:37.535969+00', '2026-02-04 23:46:37.535969+00');
INSERT INTO public.pricing_items VALUES ('fillet_joint', 'walls_membrane', 'Wall/floor fillet joint', 'LM', 0.00, 0.3000, 'LBR', false, NULL, NULL, '2026-02-04 23:46:37.535969+00', '2026-02-04 23:46:37.535969+00');
INSERT INTO public.pricing_items VALUES ('tanking_dubbing', 'tanking', 'Dubbing out coat (sand/cement/SBR)', 'M2', 0.00, 0.3000, 'LBR', false, NULL, NULL, '2026-02-04 23:46:37.535969+00', '2026-02-04 23:46:37.535969+00');
INSERT INTO public.pricing_items VALUES ('tanking_slurry', 'tanking', '2 coat tanking slurry', 'M2', 0.00, 0.3500, 'LBR', false, NULL, NULL, '2026-02-04 23:46:37.535969+00', '2026-02-04 23:46:37.535969+00');
INSERT INTO public.pricing_items VALUES ('tanking_renovating', 'tanking', 'Renovating plaster', 'M2', 0.00, 0.3000, 'LBR', false, NULL, NULL, '2026-02-04 23:46:37.535969+00', '2026-02-04 23:46:37.535969+00');
INSERT INTO public.pricing_items VALUES ('tanking_fillet', 'tanking', 'Wall/floor fillet joint', 'LM', 0.00, 0.3000, 'LBR', false, NULL, NULL, '2026-02-04 23:46:37.535969+00', '2026-02-04 23:46:37.535969+00');
INSERT INTO public.pricing_items VALUES ('resin_primer', 'floor_resin', 'EP40 2 Pack resin Primer', 'M2', 0.00, 0.0400, 'LBR', false, NULL, NULL, '2026-02-04 23:46:37.535969+00', '2026-02-04 23:46:37.535969+00');
INSERT INTO public.pricing_items VALUES ('resin_topcoat', 'floor_resin', 'EP40 2 Pack resin top coat', 'M2', 0.00, 0.0400, 'LBR', false, NULL, NULL, '2026-02-04 23:46:37.535969+00', '2026-02-04 23:46:37.535969+00');
INSERT INTO public.pricing_items VALUES ('resin_fillet', 'floor_resin', 'Wall/floor fillet joint', 'LM', 0.00, 0.3000, 'LBR', false, NULL, NULL, '2026-02-04 23:46:37.535969+00', '2026-02-04 23:46:37.535969+00');
INSERT INTO public.pricing_items VALUES ('resin_grip', 'floor_resin', 'Grip grit', 'M2', 0.00, 0.0100, 'LBR', false, NULL, NULL, '2026-02-04 23:46:37.535969+00', '2026-02-04 23:46:37.535969+00');
INSERT INTO public.pricing_items VALUES ('plaster_studwall', 'plastering', 'Construct stud wall to perimeter', 'M2', 14.00, 0.4000, 'MTL', false, NULL, NULL, '2026-02-04 23:46:37.535969+00', '2026-02-04 23:46:37.535969+00');
INSERT INTO public.pricing_items VALUES ('plaster_boarding', 'plastering', 'Plaster boarding (inc dab/screws)', 'M2', 9.76, 0.4000, 'MTL', false, NULL, NULL, '2026-02-04 23:46:37.535969+00', '2026-02-04 23:46:37.535969+00');
INSERT INTO public.pricing_items VALUES ('plaster_skimming', 'plastering', 'Skimming walls (multi finish plaster)', 'M2', 0.00, 0.2700, 'LBR', false, NULL, NULL, '2026-02-04 23:46:37.535969+00', '2026-02-04 23:46:37.535969+00');
INSERT INTO public.pricing_items VALUES ('joist_100x50', 'flooring', 'Joists, 100 x 50', 'LM', 5.46, 0.2500, 'MTL', false, NULL, NULL, '2026-02-04 23:46:37.535969+00', '2026-02-04 23:46:37.535969+00');
INSERT INTO public.pricing_items VALUES ('joist_125x50', 'flooring', 'Joists, 125 x 50', 'LM', 6.50, 0.2500, 'MTL', false, NULL, NULL, '2026-02-04 23:46:37.535969+00', '2026-02-04 23:46:37.535969+00');
INSERT INTO public.pricing_items VALUES ('joist_150x50', 'flooring', 'Joists, 150 x 50', 'LM', 7.70, 0.2500, 'MTL', false, NULL, NULL, '2026-02-04 23:46:37.535969+00', '2026-02-04 23:46:37.535969+00');
INSERT INTO public.pricing_items VALUES ('flooring_18mm', 'flooring', 'Install Weyrock flooring 18mm (M2)', 'M2', 18.00, 0.4000, 'MTL', false, NULL, NULL, '2026-02-04 23:46:37.535969+00', '2026-02-04 23:46:37.535969+00');
INSERT INTO public.pricing_items VALUES ('flooring_22mm', 'flooring', 'Install Weyrock flooring 22mm (M2)', 'M2', 22.00, 0.4250, 'MTL', false, NULL, NULL, '2026-02-04 23:46:37.535969+00', '2026-02-04 23:46:37.535969+00');
INSERT INTO public.pricing_items VALUES ('airbrick_clean', 'airbricks', 'Clean out airbrick/fit new face', 'Each', 16.00, 0.5000, 'MTL', false, NULL, NULL, '2026-02-04 23:46:37.535969+00', '2026-02-04 23:46:37.535969+00');
INSERT INTO public.pricing_items VALUES ('airbrick_upgrade', 'airbricks', 'Lift / upgrade existing airbrick/fit new face', 'Each', 16.00, 0.8000, 'MTL', false, NULL, NULL, '2026-02-04 23:46:37.535969+00', '2026-02-04 23:46:37.535969+00');
INSERT INTO public.pricing_items VALUES ('airbrick_additional', 'airbricks', 'Install additional airbrick', 'Each', 16.00, 2.0000, 'MTL', false, NULL, NULL, '2026-02-04 23:46:37.535969+00', '2026-02-04 23:46:37.535969+00');
INSERT INTO public.pricing_items VALUES ('spray_fog', 'spray_treatment', 'Fog sub floor void with anti fungal treatment', 'M2', 0.00, 0.2000, 'LBR', false, NULL, NULL, '2026-02-04 23:46:37.535969+00', '2026-02-04 23:46:37.535969+00');
INSERT INTO public.pricing_items VALUES ('drain_aco', 'drains', 'Aco Drain per linear meter', 'LM', 8.00, 1.0000, 'MTL', false, NULL, NULL, '2026-02-04 23:46:37.535969+00', '2026-02-04 23:46:37.535969+00');
INSERT INTO public.pricing_items VALUES ('drain_french', 'drains', 'French Drain per linear meter', 'LM', 2.41, 0.6700, 'MTL', false, NULL, NULL, '2026-02-04 23:46:37.535969+00', '2026-02-04 23:46:37.535969+00');
INSERT INTO public.pricing_items VALUES ('external_aquaban', 'external_treatment', 'Aquaban water repellent system', 'M2', 0.00, 0.0500, 'LBR', false, NULL, NULL, '2026-02-04 23:46:37.535969+00', '2026-02-04 23:46:37.535969+00');
INSERT INTO public.pricing_items VALUES ('asbestos_test', 'asbestos', 'Asbestos Testing', 'Each', 30.00, 0.6400, 'MTL', false, NULL, NULL, '2026-02-04 23:46:37.535969+00', '2026-02-04 23:46:37.535969+00');
INSERT INTO public.pricing_items VALUES ('overhead_skip', 'overheads', 'Rubbish removal skips (8yd)', 'Each', 270.00, 0.0000, 'OVR', false, NULL, NULL, '2026-02-04 23:46:37.535969+00', '2026-02-04 23:46:37.535969+00');
INSERT INTO public.pricing_items VALUES ('overhead_vehicle', 'overheads', 'Vehicle Costs (Fuel)', 'Miles', 0.50, 0.0000, 'TRA', false, NULL, NULL, '2026-02-04 23:46:37.535969+00', '2026-02-04 23:46:37.535969+00');

-- ─────────────────────────────────────────────
-- 8. costing_sections (45 rows) — Active costing sections (parent of line templates)
-- ─────────────────────────────────────────────
INSERT INTO public.costing_sections VALUES ('b3d22b09-21b1-4823-8893-6f676f7a3047', 'damp', 'preparatory_work', 'Preparatory Work', 1, false);
INSERT INTO public.costing_sections VALUES ('0548be88-ad75-43e5-a366-e2f46c6e7760', 'damp', 'strip_out', 'Stripping Out', 2, false);
INSERT INTO public.costing_sections VALUES ('98cad517-f85e-455f-a157-1ed039284ba5', 'damp', 'dpc_traditional', 'Walls — DPC Traditional', 3, false);
INSERT INTO public.costing_sections VALUES ('ac81f1ba-8cd2-44ee-92d3-76c5426449f5', 'damp', 'dpc_digital', 'Walls — DPC Digital (Mursec)', 4, true);
INSERT INTO public.costing_sections VALUES ('45cddd13-6769-46d2-9d12-5aee29fc1753', 'damp', 'wall_membrane', 'Walls — Membrane CM3 System', 5, false);
INSERT INTO public.costing_sections VALUES ('eff58d6f-7568-4b22-901b-8420f677d35f', 'damp', 'cementitious_tanking', 'Cementitious Tanking System', 6, false);
INSERT INTO public.costing_sections VALUES ('707156f1-e3d9-49e2-b2b6-3d16bd98a3b4', 'damp', 'floor_resin', 'Floor — Liquid Resin Membranes', 7, false);
INSERT INTO public.costing_sections VALUES ('1ff6f8e8-0f4a-403c-aee8-83d64e062e68', 'damp', 'plastering', 'Plastering & Finishing', 8, false);
INSERT INTO public.costing_sections VALUES ('e27bb174-9a04-4ff2-b59d-4d0f5d01b253', 'damp', 'floor_joists_decking', 'Floor Joists & Floor Decking', 9, false);
INSERT INTO public.costing_sections VALUES ('50cf0dbe-4adf-41e4-9dbb-e4c0309c01fd', 'damp', 'airbricks', 'Airbricks', 10, false);
INSERT INTO public.costing_sections VALUES ('5bb0a528-9ec0-45b2-8e2a-17d30515749d', 'damp', 'spray_treatments', 'Spray Treatments', 11, false);
INSERT INTO public.costing_sections VALUES ('5790f035-d617-4884-8a55-03f66fb013ca', 'damp', 'drains', 'Drains', 12, true);
INSERT INTO public.costing_sections VALUES ('0d6540e5-3b0c-45f8-bcc9-f72bc38f77af', 'damp', 'aquaban', 'External Wall — Aquaban Water Repellent', 13, true);
INSERT INTO public.costing_sections VALUES ('e464ecb9-5c03-47ce-96a8-8ba7dd088842', 'damp', 'asbestos_testing', 'Asbestos Testing', 14, true);
INSERT INTO public.costing_sections VALUES ('f3190fa3-f78e-471d-95ae-670f0e7a649f', 'damp', 'skip_hire', 'Skip Hire', 15, false);
INSERT INTO public.costing_sections VALUES ('569884b6-69ad-4a56-a7eb-a618c8b3b948', 'damp', 'project_overheads', 'Project Specific Overheads', 16, false);
INSERT INTO public.costing_sections VALUES ('8ba53fc4-9ed7-42a3-b1ed-d638b2e67ef3', 'condensation', 'piv_loft', 'PIV Loft Dryaire System', 1, false);
INSERT INTO public.costing_sections VALUES ('010e6fe3-3ab7-416a-b10b-53d101738955', 'condensation', 'piv_wall', 'PIV Wall Mounted Dryaire System', 2, false);
INSERT INTO public.costing_sections VALUES ('75fc57b3-14b1-423b-8b4d-4588d74eafeb', 'condensation', 'humidistat_fan', 'Trickle & Boost Humidistat Fan', 3, false);
INSERT INTO public.costing_sections VALUES ('27a37867-67cc-44cc-b337-e3ddf01a4d24', 'condensation', 'passive_vent', 'Dryaire Cpass Passive Vent', 4, false);
INSERT INTO public.costing_sections VALUES ('03b29338-955e-4431-bf8a-01156b40748c', 'condensation', 'dryaire_cvent', 'Dryaire CVent', 5, false);
INSERT INTO public.costing_sections VALUES ('05bd1f37-0882-4b95-9300-06b46f75cb53', 'condensation', 'joinery_ducting', 'Joinery — Ducting Boxwork', 6, true);
INSERT INTO public.costing_sections VALUES ('750879f3-b2b4-4b2a-b1af-fbcd2608cbfd', 'condensation', 'loft_hatch_new', 'New Loft Hatch & Ladder', 7, true);
INSERT INTO public.costing_sections VALUES ('653a374b-cbbb-4c03-b7fc-881ea1e1b4fd', 'condensation', 'loft_hatch_enlarge', 'Enlarge Existing Loft Hatch', 8, true);
INSERT INTO public.costing_sections VALUES ('f9d6ed65-9b13-4ff0-b547-0f4a169078b2', 'condensation', 'mould_treatment', 'Mould Treatment', 9, false);
INSERT INTO public.costing_sections VALUES ('c8b56c77-c594-458f-8fa7-2ab248cac20e', 'condensation', 'asbestos_testing', 'Asbestos Testing', 10, true);
INSERT INTO public.costing_sections VALUES ('c424122b-ec86-4ba3-b01b-e8b6171b361c', 'condensation', 'airbricks', 'Airbricks', 11, false);
INSERT INTO public.costing_sections VALUES ('16384fec-2edd-42c9-b079-f432c97e8722', 'condensation', 'skip_hire', 'Skip Hire', 12, false);
INSERT INTO public.costing_sections VALUES ('2500d3c0-996e-495f-a45a-f6540e8b9cf7', 'timber', 'preparatory_work', 'Preparatory Work', 1, false);
INSERT INTO public.costing_sections VALUES ('f9f4e787-419f-4859-afa3-ed013cc6f5db', 'timber', 'strip_out', 'Stripping Out', 2, false);
INSERT INTO public.costing_sections VALUES ('779aecd0-72ae-4c94-b15a-5fbf3ea5e714', 'timber', 'wall_membrane', 'Walls — Membrane CM3 System', 3, false);
INSERT INTO public.costing_sections VALUES ('03486669-3f69-46f8-bea1-cabbdac4f199', 'timber', 'cementitious_tanking', 'Cementitious Tanking System', 4, false);
INSERT INTO public.costing_sections VALUES ('e736ad5e-b578-48a7-bda7-08d0023b9611', 'timber', 'floor_resin', 'Floor — Liquid Resin Membranes', 5, false);
INSERT INTO public.costing_sections VALUES ('7824037e-72a6-406d-9e0b-6a4a587091dd', 'timber', 'plastering', 'Plastering & Finishing', 6, false);
INSERT INTO public.costing_sections VALUES ('3f4d5f4d-2155-49b3-b335-2a3e77875441', 'timber', 'floor_joists_decking', 'Floor Joists & Floor Decking', 7, false);
INSERT INTO public.costing_sections VALUES ('49d49da4-a596-4b4c-a29f-93162a182fc2', 'timber', 'timber_treatments', 'Timber Treatments', 8, false);
INSERT INTO public.costing_sections VALUES ('130d5801-a915-4161-aeeb-15a591dd0a0d', 'timber', 'airbricks', 'Airbricks', 9, false);
INSERT INTO public.costing_sections VALUES ('f71640c5-ebca-4598-b304-3dfed71cb1e7', 'timber', 'skip_hire', 'Skip Hire', 10, false);
INSERT INTO public.costing_sections VALUES ('a1ebf549-18c8-4316-a1c5-fc1ffda9dea1', 'woodworm', 'preparatory_work', 'Preparatory Work', 1, false);
INSERT INTO public.costing_sections VALUES ('5b68a6bf-3bb4-4f58-916d-3c55ca3afa9b', 'woodworm', 'strip_out', 'Stripping Out', 2, false);
INSERT INTO public.costing_sections VALUES ('fb6abe6e-f996-4d79-956b-0fda26c55301', 'woodworm', 'plastering', 'Plastering & Finishing', 3, false);
INSERT INTO public.costing_sections VALUES ('2a53fa5b-ea22-41a3-a470-68ac81a82405', 'woodworm', 'floor_joists_decking', 'Floor Joists & Floor Decking', 4, false);
INSERT INTO public.costing_sections VALUES ('949836f1-09dc-428f-b484-f7def8580def', 'woodworm', 'timber_treatments', 'Timber Treatments', 5, false);
INSERT INTO public.costing_sections VALUES ('e7fb8a82-fc0c-42ef-98db-d249fb49abd7', 'woodworm', 'airbricks', 'Airbricks', 6, false);
INSERT INTO public.costing_sections VALUES ('14e0ee78-2fa0-4611-a982-0017597dfc35', 'woodworm', 'skip_hire', 'Skip Hire', 7, false);

-- ─────────────────────────────────────────────
-- 9. costing_line_templates (227 rows) — Active line item templates (FK → costing_sections)
-- ─────────────────────────────────────────────
INSERT INTO public.costing_line_templates VALUES ('e4e3c3d4-cf05-4c64-981e-c8a2003f258f', 'b3d22b09-21b1-4823-8893-6f676f7a3047', 'remove_radiators_valves', 'Remove radiators & cap valves', 'each', 7.0000, 1.100, NULL, 0.300, 0.3330, 1.000, 'standard', NULL, NULL, 1, true);
INSERT INTO public.costing_line_templates VALUES ('00ae7cc0-6ac9-4d81-8895-1f9dafa09717', 'b3d22b09-21b1-4823-8893-6f676f7a3047', 'remove_socket_fronts', 'Remove socket fronts and isolate', 'each', 2.0000, 1.100, NULL, 0.300, 0.2000, 1.000, 'standard', NULL, NULL, 2, true);
INSERT INTO public.costing_line_templates VALUES ('d3c1573a-c80b-4ff2-bfee-82fa02e53c6a', 'b3d22b09-21b1-4823-8893-6f676f7a3047', 'skirting_board_removal', 'Skirting board removal & set aside', 'lm', 0.1000, 1.100, NULL, 0.300, 0.0700, 1.000, 'standard', NULL, NULL, 3, true);
INSERT INTO public.costing_line_templates VALUES ('84a49656-54ae-4bd1-aad2-7df1db6519cb', 'b3d22b09-21b1-4823-8893-6f676f7a3047', 'strip_wallpaper', 'Strip Wall Paper', 'm2', 0.5000, 1.100, NULL, 0.300, 0.5000, 1.000, 'standard', NULL, NULL, 4, true);
INSERT INTO public.costing_line_templates VALUES ('21037768-e1c4-4f1f-aac4-630d19a44286', 'b3d22b09-21b1-4823-8893-6f676f7a3047', 'floor_protection_boards', 'Antinox HD Floor Protection Boards 2.4m x 1.2m', 'each', 4.5760, 1.100, NULL, 0.300, 0.0330, 1.000, 'standard', NULL, NULL, 5, true);
INSERT INTO public.costing_line_templates VALUES ('6b43d03b-2346-4f72-9e8b-75e5702e3501', '0548be88-ad75-43e5-a366-e2f46c6e7760', 'remove_plaster_walls', 'Remove plaster/render (Walls)', 'm2', 0.0000, 1.100, NULL, 0.000, 0.3000, 1.000, 'standard', NULL, NULL, 6, true);
INSERT INTO public.costing_line_templates VALUES ('be090344-a35e-4e90-8d6a-08227de1d9f7', '0548be88-ad75-43e5-a366-e2f46c6e7760', 'remove_stud_walls', 'Removal of stud walls etc (Bag & cart away)', 'm2', 0.0000, 1.100, NULL, 0.000, 0.4000, 1.000, 'standard', NULL, NULL, 7, true);
INSERT INTO public.costing_line_templates VALUES ('794c1fde-a300-4996-80b3-7634c1ae1d01', '0548be88-ad75-43e5-a366-e2f46c6e7760', 'plaster_removal_ceilings', 'Plaster & stud Removal (Ceilings)', 'm2', 0.0000, 1.100, NULL, 0.000, 0.8000, 1.000, 'standard', NULL, NULL, 8, true);
INSERT INTO public.costing_line_templates VALUES ('d953beb3-6d9c-45e7-909f-c0597b63b323', '0548be88-ad75-43e5-a366-e2f46c6e7760', 'strip_timber_floor_gf', 'Strip out existing timber floor (GF)', 'm2', 0.0000, 1.100, NULL, 0.000, 0.5000, 1.000, 'standard', NULL, NULL, 9, true);
INSERT INTO public.costing_line_templates VALUES ('8c9bf024-29b7-4093-a5fb-8e1c85221bc3', '0548be88-ad75-43e5-a366-e2f46c6e7760', 'scrape_subfloors', 'Scrape back/clear sub floors', 'm2', 0.0000, 1.100, NULL, 0.000, 0.2500, 1.000, 'standard', NULL, NULL, 10, true);
INSERT INTO public.costing_line_templates VALUES ('f188d94d-1daa-4026-ba32-b612329dd0c0', '0548be88-ad75-43e5-a366-e2f46c6e7760', 'bag_cart_debris', 'Bag up debris & cart outside', 'bags', 1.0000, 1.100, NULL, 0.300, 0.0100, 1.000, 'bag_and_cart', '{"auto_from": "strip_out_areas", "multiplier": 2}', NULL, 11, true);
INSERT INTO public.costing_line_templates VALUES ('59379245-7fda-412f-a4e6-9d1fa5467241', '0548be88-ad75-43e5-a366-e2f46c6e7760', 'licensed_disposal', 'Disposal via licensed transfer agent', 'bags', 0.0000, 1.100, NULL, 0.300, 0.0000, 1.000, 'tiered_disposal', '{"threshold": 20, "min_charge": 40, "per_bag_over": 2}', NULL, 12, true);
INSERT INTO public.costing_line_templates VALUES ('74954f1e-78f9-4a31-8a07-69462b7d9c05', '98cad517-f85e-455f-a157-1ed039284ba5', 'dpc_injection_traditional', 'DPC Installation - Traditional', 'lm', 0.0000, 1.100, NULL, 0.300, 0.3500, 1.000, 'dpc_injection', '{"drill_cost": 4.29, "cream_divisor": 1.15, "base_cream_cost": 13.93, "holes_per_meter": 6}', NULL, 13, true);
INSERT INTO public.costing_line_templates VALUES ('92a2b446-52d7-4b09-9a15-727bcabcf183', 'ac81f1ba-8cd2-44ee-92d3-76c5426449f5', 'dpc_installation_digital', 'DPC Installation - Digital (Mursec Eco)', 'each', 650.0000, 1.100, NULL, 0.154, 1.0000, 1.000, 'digital_dpc', '{"base_unit_cost": 650}', NULL, 14, true);
INSERT INTO public.costing_line_templates VALUES ('0db77a3a-e800-4672-9ccb-ea2e7eabbecc', '45cddd13-6769-46d2-9d12-5aee29fc1753', 'wall_membrane_1m', 'Wall membrane CM3 - 1m', 'm2', 0.0000, 1.100, 5.0000, 0.300, 0.3000, 1.000, 'ceiling_coverage', '{"coverage_rate": 5, "cost_per_coverage_unit": 4.166}', NULL, 15, true);
INSERT INTO public.costing_line_templates VALUES ('2aec06f2-af7b-45b3-bd78-8aa0d78d2b23', '45cddd13-6769-46d2-9d12-5aee29fc1753', 'wall_membrane_1_2m', 'Wall membrane CM3 - 1.2m', 'm2', 0.0000, 1.100, 5.0000, 0.300, 0.3000, 1.000, 'ceiling_coverage', '{"coverage_rate": 5, "cost_per_coverage_unit": 4.445}', NULL, 16, true);
INSERT INTO public.costing_line_templates VALUES ('abb67f74-713d-428a-ac52-a1c431104d3d', '45cddd13-6769-46d2-9d12-5aee29fc1753', 'wall_membrane_2m', 'Wall membrane CM3 - 2m', 'm2', 0.0000, 1.100, 5.0000, 0.300, 0.3000, 1.000, 'ceiling_coverage', '{"coverage_rate": 5, "cost_per_coverage_unit": 4.417}', NULL, 17, true);
INSERT INTO public.costing_line_templates VALUES ('719cb690-7e8b-4cd1-8d7e-c9dc371faa32', '45cddd13-6769-46d2-9d12-5aee29fc1753', 'membrane_plugs', 'Membrane plugs', 'm2', 0.0000, 1.100, 2.0000, 0.300, 0.2500, 1.000, 'ceiling_coverage', '{"coverage_rate": 2, "cost_per_coverage_unit": 0.933}', NULL, 18, true);
INSERT INTO public.costing_line_templates VALUES ('62f9f27d-aa89-4609-b094-8df774a2e4f4', '45cddd13-6769-46d2-9d12-5aee29fc1753', 'sealing_tape', 'Sealing Tape', 'lm', 0.0000, 1.100, 22.0000, 0.300, 0.1000, 1.000, 'ceiling_coverage', '{"coverage_rate": 22, "cost_per_coverage_unit": 0.871}', NULL, 19, true);
INSERT INTO public.costing_line_templates VALUES ('c3f69dee-c93c-44ff-93f9-54a826684979', '45cddd13-6769-46d2-9d12-5aee29fc1753', 'technoseal', 'Technoseal', 'lm', 1.0000, 1.100, NULL, 0.300, 0.0170, 1.000, 'standard', NULL, NULL, 20, true);
INSERT INTO public.costing_line_templates VALUES ('adb7ca16-868a-408f-bd63-5c41e5d25279', '45cddd13-6769-46d2-9d12-5aee29fc1753', 'wall_floor_fillet_joint', 'Wall/floor fillet joint', 'lm', 0.0000, 1.100, 12.0000, 0.300, 0.3000, 1.000, 'ceiling_coverage', '{"coverage_rate": 12, "cost_per_coverage_unit": 2.043}', NULL, 21, true);
INSERT INTO public.costing_line_templates VALUES ('6d297e6a-19ef-4b45-9b92-03121aa4cc63', '45cddd13-6769-46d2-9d12-5aee29fc1753', 'overtape', 'Overtape', 'lm', 0.0000, 1.100, 5.0000, 0.300, 0.1000, 1.000, 'ceiling_coverage', '{"coverage_rate": 5, "cost_per_coverage_unit": 2.166}', NULL, 22, true);
INSERT INTO public.costing_line_templates VALUES ('6d5c7884-8a3f-4ceb-8dda-aab52c482a37', '45cddd13-6769-46d2-9d12-5aee29fc1753', 'fixing_rope', 'Fixing Rope', 'lm', 0.0000, 1.100, 5.0000, 0.300, 0.1000, 1.000, 'ceiling_coverage', '{"coverage_rate": 5, "cost_per_coverage_unit": 2.066}', NULL, 23, true);
INSERT INTO public.costing_line_templates VALUES ('5943776f-501f-4a83-bf8a-2dc819d6ae61', '45cddd13-6769-46d2-9d12-5aee29fc1753', 'difficulty_hours_walls', 'Difficulty hours (walls)', 'hours', 0.0000, 1.100, NULL, 0.000, 1.0000, 1.000, 'standard', NULL, NULL, 24, true);
INSERT INTO public.costing_line_templates VALUES ('353d2bed-81ac-40e4-a829-c6ab4898ae20', 'eff58d6f-7568-4b22-901b-8420f677d35f', 'dubbing_out_coat', 'Dubbing out coat (sand/cement/SBR)', 'm2', 0.0000, 1.100, NULL, 0.300, 0.3000, 1.000, 'compound_material', '{"components": [{"cost": 16.66, "per_unit": 8, "product_key": "sbr_primer"}, {"cost": 2.79, "per_unit": 4, "product_key": "sharp_sand"}, {"cost": 7.69, "per_unit": 4, "product_key": "cement"}], "coverage_unit": 2}', NULL, 25, true);
INSERT INTO public.costing_line_templates VALUES ('ff1a87cb-26a6-4f74-8932-5aed413a05ef', 'eff58d6f-7568-4b22-901b-8420f677d35f', 'tankingslurry_2coat', '2 coat tanking slurry', 'm2', 0.0000, 1.100, 7.0000, 0.300, 0.3500, 1.000, 'ceiling_coverage', '{"coverage_rate": 7, "cost_per_coverage_unit": 3.100}', NULL, 26, true);
INSERT INTO public.costing_line_templates VALUES ('54047dc1-caad-4991-ad31-a6a1b99cb264', 'eff58d6f-7568-4b22-901b-8420f677d35f', 'renovating_plaster', 'Renovating plaster', 'm2', 0.0000, 1.100, 3.0000, 0.300, 0.3000, 1.000, 'ceiling_coverage', '{"coverage_rate": 3, "cost_per_coverage_unit": 5.417}', NULL, 27, true);
INSERT INTO public.costing_line_templates VALUES ('299b6497-05a5-4beb-8777-6b17d37b2f66', 'eff58d6f-7568-4b22-901b-8420f677d35f', 'wall_floor_fillet_tanking', 'Wall/floor fillet joint (tanking)', 'lm', 0.0000, 1.100, 12.0000, 0.300, 0.3000, 1.000, 'ceiling_coverage', '{"coverage_rate": 12, "cost_per_coverage_unit": 2.043}', NULL, 28, true);
INSERT INTO public.costing_line_templates VALUES ('09dc6c35-a1f0-4cdb-abe7-56443bba3c92', 'eff58d6f-7568-4b22-901b-8420f677d35f', 'difficulty_hours_tanking', 'Difficulty hours (tanking)', 'hours', 0.0000, 1.100, NULL, 0.000, 1.0000, 1.000, 'standard', NULL, NULL, 29, true);
INSERT INTO public.costing_line_templates VALUES ('8a5fabba-6a5e-4ee3-a630-d47e8aa96c17', '707156f1-e3d9-49e2-b2b6-3d16bd98a3b4', 'resin_primer_ep40', 'EP40 2 Pack resin Primer', 'm2', 0.0000, 1.100, 30.0000, 0.300, 0.0400, 1.000, 'ceiling_coverage', '{"coverage_rate": 30, "cost_per_coverage_unit": 1.890}', NULL, 30, true);
INSERT INTO public.costing_line_templates VALUES ('f147cd83-3a04-4c0d-b47a-a7c3637a13e8', '707156f1-e3d9-49e2-b2b6-3d16bd98a3b4', 'resin_topcoat_ep40', 'EP40 2 Pack resin top coat', 'm2', 0.0000, 1.100, 30.0000, 0.300, 0.0400, 1.000, 'ceiling_coverage', '{"coverage_rate": 30, "cost_per_coverage_unit": 2.123}', NULL, 31, true);
INSERT INTO public.costing_line_templates VALUES ('e4b56c35-ee37-42e2-b20e-70558840b90e', '707156f1-e3d9-49e2-b2b6-3d16bd98a3b4', 'wall_floor_fillet_resin', 'Wall/floor fillet joint (resin)', 'lm', 0.0000, 1.100, 12.0000, 0.300, 0.3000, 1.000, 'ceiling_coverage', '{"coverage_rate": 12, "cost_per_coverage_unit": 2.043}', NULL, 32, true);
INSERT INTO public.costing_line_templates VALUES ('c5e5e323-5cfd-43a7-abd7-afdde5123e44', '707156f1-e3d9-49e2-b2b6-3d16bd98a3b4', 'grip_grit', 'Grip grit', 'm2', 0.0000, 1.100, 25.0000, 0.300, 0.0100, 1.000, 'ceiling_coverage', '{"coverage_rate": 25, "cost_per_coverage_unit": 0.083}', NULL, 33, true);
INSERT INTO public.costing_line_templates VALUES ('be2f4a1b-c5cd-4c9c-ae79-19b494ece980', '707156f1-e3d9-49e2-b2b6-3d16bd98a3b4', 'difficulty_hours_resin', 'Difficulty hours (resin)', 'hours', 0.0000, 1.100, NULL, 0.000, 1.0000, 1.000, 'standard', NULL, NULL, 34, true);
INSERT INTO public.costing_line_templates VALUES ('ac65b8e6-56ba-4a6d-a35c-b315553534ca', '1ff6f8e8-0f4a-403c-aee8-83d64e062e68', 'construct_stud_wall', 'Construct stud wall to perimeter', 'm2', 14.0000, 1.100, NULL, 0.300, 0.4000, 1.000, 'standard', NULL, NULL, 35, true);
INSERT INTO public.costing_line_templates VALUES ('fd3b4fbd-3ea8-4228-b5e4-fb71746410a3', '1ff6f8e8-0f4a-403c-aee8-83d64e062e68', 'plaster_boarding', 'Plaster boarding (inc dab/screws)', 'm2', 9.7600, 1.100, NULL, 0.300, 0.4000, 1.000, 'standard', NULL, NULL, 36, true);
INSERT INTO public.costing_line_templates VALUES ('ef24b002-dfc5-4d7e-88e5-64e75fb1fd73', '1ff6f8e8-0f4a-403c-aee8-83d64e062e68', 'warmline_iwi', 'Warmline Internal Wall Insulation', 'm2', 0.0000, 1.100, 3.5600, 0.300, 0.0000, 1.000, 'ceiling_coverage', '{"coverage_rate": 3.5625, "cost_per_coverage_unit": 27.60}', NULL, 37, true);
INSERT INTO public.costing_line_templates VALUES ('d40ba502-d764-45bb-8598-b0e31209551e', '1ff6f8e8-0f4a-403c-aee8-83d64e062e68', 'plastering_stop_bead', 'Plastering Stop Bead 3m', 'each', 1.1000, 1.100, NULL, 0.300, 0.0000, 1.000, 'standard', NULL, NULL, 39, true);
INSERT INTO public.costing_line_templates VALUES ('edfc8756-8292-477b-9af4-2bb24abe51f5', '1ff6f8e8-0f4a-403c-aee8-83d64e062e68', 'thin_coat_angle_2_4m', 'Thin Coat Angle/Corner Bead 2.4m', 'each', 1.8260, 1.100, NULL, 0.300, 0.0000, 1.000, 'standard', NULL, NULL, 40, true);
INSERT INTO public.costing_line_templates VALUES ('ffffeeef-747a-4487-a7f3-aeb8de6b0ec1', '1ff6f8e8-0f4a-403c-aee8-83d64e062e68', 'thin_coat_angle_3m', 'Thin Coat Angle/Corner Bead 3m', 'each', 2.7500, 1.100, NULL, 0.300, 0.0000, 1.000, 'standard', NULL, NULL, 41, true);
INSERT INTO public.costing_line_templates VALUES ('0ab6fdae-ae56-424b-b7ca-d6ad4aefab4c', '1ff6f8e8-0f4a-403c-aee8-83d64e062e68', 'difficulty_hours_plastering', 'Difficulty hours (plastering)', 'hours', 0.0000, 1.100, NULL, 0.000, 1.0000, 1.000, 'standard', NULL, NULL, 42, true);
INSERT INTO public.costing_line_templates VALUES ('fdbee5cc-61c6-4940-ad60-ec998c494075', 'e27bb174-9a04-4ff2-b59d-4d0f5d01b253', 'joists_100x50', 'Joists 100x50', 'lm', 5.4600, 1.100, NULL, 0.300, 0.2500, 1.000, 'standard', NULL, NULL, 43, true);
INSERT INTO public.costing_line_templates VALUES ('01313b4d-05cf-4fbf-9baa-2dafe536788d', 'e27bb174-9a04-4ff2-b59d-4d0f5d01b253', 'joists_125x50', 'Joists 125x50', 'lm', 6.5000, 1.100, NULL, 0.300, 0.2500, 1.000, 'standard', NULL, NULL, 44, true);
INSERT INTO public.costing_line_templates VALUES ('a9681116-b341-4bf8-8540-f9319b1e0938', 'e27bb174-9a04-4ff2-b59d-4d0f5d01b253', 'joists_150x50', 'Joists 150x50', 'lm', 7.7000, 1.100, NULL, 0.300, 0.2500, 1.000, 'standard', NULL, NULL, 45, true);
INSERT INTO public.costing_line_templates VALUES ('a10804aa-ff63-47a9-a4b3-1ce8ad85ea4b', 'e27bb174-9a04-4ff2-b59d-4d0f5d01b253', 'joists_175x50', 'Joists 175x50', 'lm', 8.0000, 1.100, NULL, 0.300, 0.3000, 1.000, 'standard', NULL, NULL, 46, true);
INSERT INTO public.costing_line_templates VALUES ('1b4bee7b-d9cf-4640-8a9d-e95d3f7b4713', 'e27bb174-9a04-4ff2-b59d-4d0f5d01b253', 'joists_200x50', 'Joists 200x50', 'lm', 8.9000, 1.100, NULL, 0.300, 0.3000, 1.000, 'standard', NULL, NULL, 47, true);
INSERT INTO public.costing_line_templates VALUES ('45265509-db56-41b7-af9e-139ee26553ea', 'e27bb174-9a04-4ff2-b59d-4d0f5d01b253', 'joists_225x50', 'Joists 225x50', 'lm', 9.5000, 1.100, NULL, 0.300, 0.4000, 1.000, 'standard', NULL, NULL, 48, true);
INSERT INTO public.costing_line_templates VALUES ('d59b5696-5238-449f-b57e-438b66000c67', 'e27bb174-9a04-4ff2-b59d-4d0f5d01b253', 'treat_endwrap_joist', 'Treat and endwrap joist', 'each', 3.0000, 1.100, NULL, 0.300, 0.1500, 1.000, 'standard', NULL, NULL, 49, true);
INSERT INTO public.costing_line_templates VALUES ('2a730796-691e-4ba4-85bc-7253a491d1cb', 'e27bb174-9a04-4ff2-b59d-4d0f5d01b253', 'wall_plate_100x25', 'Wall plate 100x25', 'each', 4.8400, 1.100, NULL, 0.300, 0.4000, 1.000, 'standard', NULL, NULL, 50, true);
INSERT INTO public.costing_line_templates VALUES ('5f5c8e28-3c56-4f84-b5dc-34d48a1de4d1', 'e27bb174-9a04-4ff2-b59d-4d0f5d01b253', 'bower_beams', 'Bower beams (pair)', 'pairs', 36.0000, 1.100, NULL, 0.300, 1.5000, 1.000, 'standard', NULL, NULL, 51, true);
INSERT INTO public.costing_line_templates VALUES ('110fc7f3-02b2-4612-a38a-9e19845ef489', 'e27bb174-9a04-4ff2-b59d-4d0f5d01b253', 'flitch_plates', 'Flitch plates (pair)', 'pairs', 42.0000, 1.100, NULL, 0.300, 1.5000, 1.000, 'standard', NULL, NULL, 52, true);
INSERT INTO public.costing_line_templates VALUES ('70bb2636-7361-4a22-93bb-204ba204994d', 'e27bb174-9a04-4ff2-b59d-4d0f5d01b253', 'difficulty_hours_joists', 'Difficulty hours (joists)', 'hours', 0.0000, 1.100, NULL, 0.000, 1.0000, 1.000, 'standard', NULL, NULL, 53, true);
INSERT INTO public.costing_line_templates VALUES ('1907ce18-fc6d-4e49-98b6-798c51b85ad0', 'e27bb174-9a04-4ff2-b59d-4d0f5d01b253', 'weyrock_flooring_18mm', 'Weyrock flooring 18mm', 'm2', 18.0000, 1.100, NULL, 0.300, 0.4000, 1.000, 'standard', NULL, NULL, 54, true);
INSERT INTO public.costing_line_templates VALUES ('03442549-7986-4175-a4d3-b388fbb290e4', 'e27bb174-9a04-4ff2-b59d-4d0f5d01b253', 'weyrock_flooring_22mm', 'Weyrock flooring 22mm', 'm2', 22.0000, 1.100, NULL, 0.300, 0.4250, 1.000, 'standard', NULL, NULL, 55, true);
INSERT INTO public.costing_line_templates VALUES ('8188b5cd-a406-44e4-8911-89d763571fbf', 'e27bb174-9a04-4ff2-b59d-4d0f5d01b253', 'std_tongue_groove_floorboards', 'Std T&G Floorboards', 'm2', 46.3000, 1.100, NULL, 0.300, 0.6000, 1.000, 'standard', NULL, NULL, 56, true);
INSERT INTO public.costing_line_templates VALUES ('8f9f9d27-e2f8-40e3-95e7-00d08256c647', 'e27bb174-9a04-4ff2-b59d-4d0f5d01b253', 'victorian_tongue_groove_floorboards', 'Victorian T&G Floorboards', 'm2', 52.8000, 1.100, NULL, 0.300, 0.6000, 1.000, 'standard', NULL, NULL, 57, true);
INSERT INTO public.costing_line_templates VALUES ('9296b580-4af0-4cd9-9d94-72214c182250', 'e27bb174-9a04-4ff2-b59d-4d0f5d01b253', 'engineered_flooring_sheet', 'Engineered Flooring sheet', 'm2', 49.9900, 1.100, NULL, 0.300, 0.4000, 1.000, 'standard', NULL, NULL, 58, true);
INSERT INTO public.costing_line_templates VALUES ('4714994e-1809-4a54-af53-054bb717b27b', 'e27bb174-9a04-4ff2-b59d-4d0f5d01b253', 'structural_engineered_flooring_sheet', 'Structural Engineered Flooring sheet', 'm2', 52.8000, 1.100, NULL, 0.300, 0.9000, 1.000, 'standard', NULL, NULL, 59, true);
INSERT INTO public.costing_line_templates VALUES ('0882f49e-40c0-467a-923c-49d0179982eb', 'e27bb174-9a04-4ff2-b59d-4d0f5d01b253', 'insulation_suspended_flooring', 'Insulation to suspended flooring', 'm2', 6.8000, 1.100, NULL, 0.300, 0.2000, 1.000, 'standard', NULL, NULL, 60, true);
INSERT INTO public.costing_line_templates VALUES ('5546a5e0-49e1-4ebc-9cfe-6261d771160d', 'e27bb174-9a04-4ff2-b59d-4d0f5d01b253', 'difficulty_hours_decking', 'Difficulty hours (decking)', 'hours', 0.0000, 1.100, NULL, 0.000, 1.0000, 1.000, 'standard', NULL, NULL, 61, true);
INSERT INTO public.costing_line_templates VALUES ('fbc60902-9f9a-4b4d-bf6b-b117ff278ff0', '50cf0dbe-4adf-41e4-9dbb-e4c0309c01fd', 'clean_out_airbrick', 'Clean out airbrick/fit new face', 'each', 16.0000, 1.100, NULL, 0.300, 0.5000, 1.000, 'standard', NULL, NULL, 62, true);
INSERT INTO public.costing_line_templates VALUES ('f6737c79-33c0-45ba-9203-626cbad42819', '50cf0dbe-4adf-41e4-9dbb-e4c0309c01fd', 'lift_upgrade_airbrick', 'Lift/upgrade existing airbrick', 'each', 16.0000, 1.100, NULL, 0.300, 0.8000, 1.000, 'standard', NULL, NULL, 63, true);
INSERT INTO public.costing_line_templates VALUES ('a76d8a89-396b-4efb-b350-d06a7aa38acb', '50cf0dbe-4adf-41e4-9dbb-e4c0309c01fd', 'install_additional_airbrick', 'Install additional airbrick', 'each', 16.0000, 1.100, NULL, 0.300, 2.0000, 1.000, 'standard', NULL, NULL, 64, true);
INSERT INTO public.costing_line_templates VALUES ('93895ca4-c1a4-4b2a-86a3-243ddddbd757', '5bb0a528-9ec0-45b2-8e2a-17d30515749d', 'fog_subfloor_antifungal', 'Fog sub floor void with anti fungal treatment', 'm2', 0.0000, 1.100, 100.0000, 0.300, 0.2000, 1.000, 'ceiling_coverage', '{"coverage_rate": 100, "cost_per_coverage_unit": 0.210}', NULL, 65, true);
INSERT INTO public.costing_line_templates VALUES ('5ab4020b-9b00-4d91-8514-f7918ced03cd', '5bb0a528-9ec0-45b2-8e2a-17d30515749d', 'difficulty_hours_spray', 'Difficulty hours (spray)', 'hours', 0.0000, 1.100, NULL, 0.000, 1.0000, 1.000, 'standard', NULL, NULL, 66, true);
INSERT INTO public.costing_line_templates VALUES ('63c4f7e3-44cc-4662-ad99-bd4f57021e9f', '5790f035-d617-4884-8a55-03f66fb013ca', 'aco_drain_lm', 'Aco Drain per linear meter', 'lm', 8.0000, 1.100, NULL, 0.300, 1.0000, 1.000, 'standard', NULL, NULL, 67, true);
INSERT INTO public.costing_line_templates VALUES ('b8acc359-e00b-4451-877a-083ce9dda474', '5790f035-d617-4884-8a55-03f66fb013ca', 'french_drain_lm', 'French Drain per linear meter', 'lm', 2.4100, 1.100, NULL, 0.300, 0.6670, 1.000, 'standard', NULL, NULL, 68, true);
INSERT INTO public.costing_line_templates VALUES ('04d4372c-d873-4ba7-bed8-34802d53e57e', '0d6540e5-3b0c-45f8-bcc9-f72bc38f77af', 'aquaban_system', 'Aquaban water repellent system', 'm2', 0.0000, 1.100, 25.0000, 0.300, 0.0500, 1.000, 'ceiling_coverage', '{"coverage_rate": 25, "cost_per_coverage_unit": 0.500}', NULL, 69, true);
INSERT INTO public.costing_line_templates VALUES ('0719cf16-fa3b-4a69-bf2b-e77376808c1d', 'e464ecb9-5c03-47ce-96a8-8ba7dd088842', 'asbestos_testing', 'Asbestos Testing', 'each', 30.0000, 1.100, NULL, 0.300, 0.6400, 1.000, 'fixed_price', NULL, NULL, 70, true);
INSERT INTO public.costing_line_templates VALUES ('3085826a-4f80-480a-94e7-6b5d64820d2e', 'f3190fa3-f78e-471d-95ae-670f0e7a649f', 'skip_hire', 'Rubbish removal skips', 'each', 270.0000, 1.100, NULL, 0.300, 0.0000, 1.000, 'skip_hire', NULL, NULL, 71, true);
INSERT INTO public.costing_line_templates VALUES ('f482ec2d-2b94-429b-98d7-17d7125fb780', '8ba53fc4-9ed7-42a3-b1ed-d638b2e67ef3', 'va_pozidry_loft_unit_heated', 'VA Pozidry loft unit - heated', 'each', 324.1300, 1.100, NULL, 0.400, 2.5000, 4.000, 'standard', '{}', NULL, 1, true);
INSERT INTO public.costing_line_templates VALUES ('efa8d804-17ad-4b36-8523-323bd1140a9b', '8ba53fc4-9ed7-42a3-b1ed-d638b2e67ef3', 'va_pozidry_loft_unit_unheated', 'VA Pozidry loft unit - unheated', 'each', 309.9600, 1.100, NULL, 0.400, 2.5000, 4.000, 'standard', '{}', NULL, 2, true);
INSERT INTO public.costing_line_templates VALUES ('5aec7f3e-0439-40e2-8afb-654510386190', '8ba53fc4-9ed7-42a3-b1ed-d638b2e67ef3', 'electrical_pack_fused_spur_cable_jb', 'Electrical Pack - fused spur, cable, JB', 'each', 12.4600, 1.100, NULL, 0.300, 1.5000, 1.000, 'standard', '{}', NULL, 3, true);
INSERT INTO public.costing_line_templates VALUES ('1092bfbf-95ec-4e3d-8517-85aba68bc9af', '8ba53fc4-9ed7-42a3-b1ed-d638b2e67ef3', 'sarkvents', 'Sarkvents', 'each', 3.0000, 1.100, NULL, 0.300, 0.0800, 1.000, 'standard', '{}', NULL, 4, true);
INSERT INTO public.costing_line_templates VALUES ('44a10b24-502d-433a-90ef-a03aebf240b8', '010e6fe3-3ab7-416a-b10b-53d101738955', 'va_pozidry_compact_wall_mounted_unit', 'VA Pozidry Compact wall mounted unit', 'each', 273.7400, 1.100, NULL, 0.400, 4.0000, 3.000, 'standard', '{}', NULL, 5, true);
INSERT INTO public.costing_line_templates VALUES ('5508a33d-8828-4b83-abba-cfe8308631f3', '010e6fe3-3ab7-416a-b10b-53d101738955', 'electrical_pack_fused_spur_cable_jb_piv_wall', 'Electrical Pack - fused spur, cable, JB', 'each', 12.4600, 1.100, NULL, 0.300, 1.5000, 1.000, 'standard', '{}', NULL, 6, true);
INSERT INTO public.costing_line_templates VALUES ('99024e2f-f0cc-4de6-ae50-05e07e10edc2', '010e6fe3-3ab7-416a-b10b-53d101738955', 'ducting_1m_length', 'Ducting - 1m length', 'each', 3.8500, 1.100, NULL, 0.300, 0.1000, 1.000, 'standard', '{}', NULL, 7, true);
INSERT INTO public.costing_line_templates VALUES ('c32ea387-bed5-48eb-bc4d-e3aa8a98368c', '010e6fe3-3ab7-416a-b10b-53d101738955', 'ducting_round_elbow', 'Ducting - round elbow', 'each', 2.7800, 1.100, NULL, 0.300, 0.1000, 1.000, 'standard', '{}', NULL, 8, true);
INSERT INTO public.costing_line_templates VALUES ('c00b618e-e310-48f6-9b59-4462b5beab88', '010e6fe3-3ab7-416a-b10b-53d101738955', 'ducting_round_straight_conn', 'Ducting - round - straight conn', 'each', 0.5200, 1.100, NULL, 0.300, 0.1000, 1.000, 'standard', '{}', NULL, 9, true);
INSERT INTO public.costing_line_templates VALUES ('6e86fcbf-59a0-4a15-a12f-2c40dd14db7d', '010e6fe3-3ab7-416a-b10b-53d101738955', 'ducting_round_1m', 'Ducting - round 1m', 'each', 3.8500, 1.100, NULL, 0.300, 0.1000, 1.000, 'standard', '{}', NULL, 10, true);
INSERT INTO public.costing_line_templates VALUES ('1327042d-caa2-40b0-a4cf-09ee9b67cf56', '010e6fe3-3ab7-416a-b10b-53d101738955', 'ducting_flat_to_round_adaptor', 'Ducting - flat to round adaptor', 'each', 1.6300, 1.100, NULL, 0.300, 0.1000, 1.000, 'standard', '{}', NULL, 11, true);
INSERT INTO public.costing_line_templates VALUES ('3fcef210-5862-4c17-a333-2717132295af', '010e6fe3-3ab7-416a-b10b-53d101738955', 'ducting_flat_straight_connector', 'Ducting - flat straight connector', 'each', 1.1400, 1.100, NULL, 0.300, 0.1000, 1.000, 'standard', '{}', NULL, 12, true);
INSERT INTO public.costing_line_templates VALUES ('54c43daf-9d6b-4563-b7b9-bb3831e53f19', '010e6fe3-3ab7-416a-b10b-53d101738955', 'ducting_flat_horizontal_bend', 'Ducting - flat horizontal bend', 'each', 3.0100, 1.100, NULL, 0.300, 0.1000, 1.000, 'standard', '{}', NULL, 13, true);
INSERT INTO public.costing_line_templates VALUES ('49e1ff37-8a9c-4313-9716-250faf462e14', '010e6fe3-3ab7-416a-b10b-53d101738955', 'ducting_flat_vertical_bend', 'Ducting - flat vertical bend', 'each', 3.0100, 1.100, NULL, 0.300, 0.1000, 1.000, 'standard', '{}', NULL, 14, true);
INSERT INTO public.costing_line_templates VALUES ('1832c71a-7e54-40ac-a943-c5e8f79463bd', '010e6fe3-3ab7-416a-b10b-53d101738955', 'ducting_flat_1m', 'Ducting - flat - 1m', 'each', 2.8700, 1.100, NULL, 0.300, 0.1000, 1.000, 'standard', '{}', NULL, 15, true);
INSERT INTO public.costing_line_templates VALUES ('ccba0881-3e08-4ec2-bbc4-e985b20d5d02', '010e6fe3-3ab7-416a-b10b-53d101738955', 'ducting_insulated_flexi_3m_length', 'Ducting - insulated flexi (3m Length)', 'each', 2.5000, 1.100, NULL, 0.300, 0.1000, 1.000, 'standard', '{}', NULL, 16, true);
INSERT INTO public.costing_line_templates VALUES ('4f94501a-df97-4c02-96e7-e56f36026394', '010e6fe3-3ab7-416a-b10b-53d101738955', 'grille', 'Grille', 'each', 2.4200, 1.100, NULL, 0.300, 0.1000, 1.000, 'standard', '{}', NULL, 17, true);
INSERT INTO public.costing_line_templates VALUES ('4288fc5f-2176-4ff4-8062-ea0e4e2c0238', '010e6fe3-3ab7-416a-b10b-53d101738955', 'diamond_core_107mm_hole', 'Diamond core 107mm hole', 'each', 0.0000, 1.100, NULL, 0.300, 2.0000, 1.000, 'standard', '{}', NULL, 18, true);
INSERT INTO public.costing_line_templates VALUES ('fa67e124-d40f-43b6-b9a7-ee78ee47243a', '75fc57b3-14b1-423b-8b4d-4588d74eafeb', 'trickle_and_boost_humidistat_fan_greenwood', 'Trickle and boost humidistat fan (greenwood)', 'each', 70.2000, 1.100, NULL, 0.300, 1.5000, 1.000, 'standard', '{}', NULL, 19, true);
INSERT INTO public.costing_line_templates VALUES ('273cd3a9-a967-4ca1-b76c-a2b4723aed9b', '75fc57b3-14b1-423b-8b4d-4588d74eafeb', 'electrical_pack_fused_spur_cable_jb_humidistat_fan', 'Electrical Pack - fused spur, cable, JB', 'each', 12.4600, 1.100, NULL, 0.300, 1.5000, 1.000, 'standard', '{}', NULL, 20, true);
INSERT INTO public.costing_line_templates VALUES ('55ae9a48-b469-4307-bc99-92d2e15adf8a', '75fc57b3-14b1-423b-8b4d-4588d74eafeb', 'grille_humidistat_fan', 'Grille', 'each', 2.4200, 1.100, NULL, 0.300, 0.1000, 1.000, 'standard', '{}', NULL, 21, true);
INSERT INTO public.costing_line_templates VALUES ('6fa934a3-d4ff-4f76-9b45-d301d7791de8', '75fc57b3-14b1-423b-8b4d-4588d74eafeb', 'diamond_core_107mm_hole_humidistat_fan', 'Diamond core 107mm hole', 'each', 0.0000, 1.100, NULL, 0.300, 2.0000, 1.000, 'standard', '{}', NULL, 22, true);
INSERT INTO public.costing_line_templates VALUES ('2d2d1e0a-3bbc-42be-be2e-a81b138d7779', '27a37867-67cc-44cc-b337-e3ddf01a4d24', 'dryaire_cpass_plasmo_insulated_pullcord_passive_vent', 'Dryaire Cpass (plasmo) insulated pullcord passive vent', 'each', 36.1800, 1.100, NULL, 0.300, 1.5000, 1.000, 'standard', '{}', NULL, 23, true);
INSERT INTO public.costing_line_templates VALUES ('0196feed-0d86-4146-b2b4-ce084f312a05', '27a37867-67cc-44cc-b337-e3ddf01a4d24', 'diamond_core_107mm_hole_passive_vent', 'Diamond core 107mm hole', 'each', 0.0000, 1.100, NULL, 0.300, 2.0000, 1.000, 'standard', '{}', NULL, 24, true);
INSERT INTO public.costing_line_templates VALUES ('66d5da71-3849-4290-9547-1e8f761019ae', '03b29338-955e-4431-bf8a-01156b40748c', 'dryaire_cvent', 'Dryaire Cvent', 'each', 12.5000, 1.100, NULL, 0.300, 1.5000, 1.000, 'standard', '{}', NULL, 25, true);
INSERT INTO public.costing_line_templates VALUES ('d5e1d121-8a45-4f38-a918-1ceabb83caeb', '03b29338-955e-4431-bf8a-01156b40748c', 'diamond_core_107mm_hole_dryaire_cvent', 'Diamond core 107mm hole', 'each', 0.0000, 1.100, NULL, 0.300, 2.0000, 1.000, 'standard', '{}', NULL, 26, true);
INSERT INTO public.costing_line_templates VALUES ('c55b0bf4-0ea2-4359-a109-6170f1fed633', '05bd1f37-0882-4b95-9300-06b46f75cb53', 'joinery_to_box_in_ducting_per_metre_min_charge_24_metres', 'Joinery to box in ducting (per metre) Min charge 2.4 metres', 'lm', 0.0000, 1.100, NULL, 0.300, 0.5000, 1.000, 'fixed_price', '{}', NULL, 27, true);
INSERT INTO public.costing_line_templates VALUES ('70408615-007f-4817-bf7d-8e4a4b40d431', '750879f3-b2b4-4b2a-b1af-fbcd2608cbfd', 'new_loft_hatch_with_sturdy_fold_down_ladder_with_handrail_an', 'New loft hatch - with sturdy fold down ladder with handrail and switched lamp', 'each', 360.0000, 1.100, NULL, 0.300, 4.0000, 1.000, 'fixed_price', '{}', NULL, 28, true);
INSERT INTO public.costing_line_templates VALUES ('01b5fbe1-f359-4c43-8514-9ab87e2380cb', '653a374b-cbbb-4c03-b7fc-881ea1e1b4fd', 'existing_loft_hatch_enlarge_loft_hatch', 'Existing loft hatch - enlarge loft hatch', 'each', 45.0000, 1.100, NULL, 0.300, 4.0000, 1.000, 'fixed_price', '{}', NULL, 29, true);
INSERT INTO public.costing_line_templates VALUES ('145f4b23-31ee-4433-8f53-6242f93d6f5c', 'f9d6ed65-9b13-4ff0-b547-0f4a169078b2', 'mould_treatment', 'Mould treatment', 'm2', 0.5000, 1.100, NULL, 0.300, 0.2500, 1.000, 'standard', '{}', NULL, 30, true);
INSERT INTO public.costing_line_templates VALUES ('699ac3ee-d1d1-40f9-b001-30b121ee4975', 'c8b56c77-c594-458f-8fa7-2ab248cac20e', 'asbestos_testing', 'Asbestos Testing', 'each', 30.0000, 1.100, NULL, 0.300, 0.6400, 1.000, 'fixed_price', '{}', NULL, 31, true);
INSERT INTO public.costing_line_templates VALUES ('ecca0969-0457-4334-b9b2-c67755a70a8f', 'c424122b-ec86-4ba3-b01b-e8b6171b361c', 'clean_out_airbrickfit_new_face', 'Clean out airbrick/fit new face', 'each', 16.0000, 1.100, NULL, 0.300, 0.5000, 1.000, 'standard', '{}', NULL, 32, true);
INSERT INTO public.costing_line_templates VALUES ('41bad4d9-aedf-4a9f-80d7-022d526c5561', 'c424122b-ec86-4ba3-b01b-e8b6171b361c', 'liftupgrade_existing_airbrickfit_new_face', 'Lift/upgrade existing airbrick/fit new face', 'each', 16.0000, 1.100, NULL, 0.300, 0.8000, 1.000, 'standard', '{}', NULL, 33, true);
INSERT INTO public.costing_line_templates VALUES ('e918042c-a586-4d80-ae47-a27bcc46bd77', 'c424122b-ec86-4ba3-b01b-e8b6171b361c', 'install_additional_airbrick', 'Install additional  airbrick', 'each', 16.0000, 1.100, NULL, 0.300, 2.0000, 1.000, 'standard', '{}', NULL, 34, true);
INSERT INTO public.costing_line_templates VALUES ('35d8c8a9-8a54-4327-bc9a-1355866e70d3', '16384fec-2edd-42c9-b079-f432c97e8722', 'rubbish_removal_skips', 'Rubbish removal skips', 'each', 270.0000, 1.100, NULL, 0.300, 0.0000, 1.000, 'skip_hire', '{}', NULL, 35, true);
INSERT INTO public.costing_line_templates VALUES ('8305a4e3-6667-403f-b767-f52ec903b19a', '2500d3c0-996e-495f-a45a-f6540e8b9cf7', 'remove_radiators_cap_valves', 'Remove radiators & cap valves', 'each', 7.0000, 1.100, NULL, 0.300, 0.0000, 1.000, 'standard', '{}', NULL, 1, true);
INSERT INTO public.costing_line_templates VALUES ('b769b079-21d2-4a51-b17c-36c24a8d7cea', '2500d3c0-996e-495f-a45a-f6540e8b9cf7', 'remove_socket_fronts_and_isolate', 'Remove socket fronts and isolate', 'each', 2.0000, 1.100, NULL, 0.300, 0.0000, 1.000, 'standard', '{}', NULL, 2, true);
INSERT INTO public.costing_line_templates VALUES ('71712cb5-4b11-4b98-91e3-17c35a052abf', '2500d3c0-996e-495f-a45a-f6540e8b9cf7', 'skirting_board_removal_set_aside', 'Skirting board removal & set aside', 'lm', 0.1000, 1.100, NULL, 0.300, 0.0700, 1.000, 'standard', '{}', NULL, 3, true);
INSERT INTO public.costing_line_templates VALUES ('07c82907-c18a-4e1f-98bb-e074acfe24f5', '2500d3c0-996e-495f-a45a-f6540e8b9cf7', 'strip_wall_paper', 'Strip Wall Paper', 'm2', 0.5000, 1.100, NULL, 0.300, 0.5000, 1.000, 'standard', '{}', NULL, 4, true);
INSERT INTO public.costing_line_templates VALUES ('c83ee94f-07ec-4cb0-a0f5-341d5d20d81f', '2500d3c0-996e-495f-a45a-f6540e8b9cf7', 'antinox_hd_floor_protection_boards_24m_x_12m', 'Antinox HD Floor Protection Boards – 2.4m x 1.2m', 'm2', 0.0000, 1.100, NULL, 0.300, 0.0000, 1.000, 'standard', '{}', NULL, 5, true);
INSERT INTO public.costing_line_templates VALUES ('b0e7ddce-8573-4ed5-81cd-ee120642ab10', 'f9f4e787-419f-4859-afa3-ed013cc6f5db', 'remove_carpettilesoverlays', 'Remove carpet/tiles/overlays', 'm2', 0.0000, 1.100, NULL, 0.000, 0.0000, 1.000, 'standard', '{}', NULL, 6, true);
INSERT INTO public.costing_line_templates VALUES ('2928a665-c6ec-4f15-a0d5-4691af0a230a', 'f9f4e787-419f-4859-afa3-ed013cc6f5db', 'remove_plasterrender_walls', 'Remove plaster/render (Walls)', 'm2', 0.0000, 1.100, NULL, 0.000, 0.3000, 1.000, 'standard', '{}', NULL, 7, true);
INSERT INTO public.costing_line_templates VALUES ('54f4ff73-7b32-4b34-923c-eeac712da882', 'f9f4e787-419f-4859-afa3-ed013cc6f5db', 'removal_of_stud_walls_etc_bag_cart_away', 'Removal of stud walls etc (Bag & cart away)', 'm2', 0.0000, 1.100, NULL, 0.000, 0.4000, 1.000, 'standard', '{}', NULL, 8, true);
INSERT INTO public.costing_line_templates VALUES ('6242e6db-0035-4e77-b4ec-fbdf0753bba2', 'f9f4e787-419f-4859-afa3-ed013cc6f5db', 'plaster_stud_removal_ceilings', 'Plaster & stud Removal (Ceilings)', 'm2', 0.0000, 1.100, NULL, 0.000, 0.8000, 1.000, 'standard', '{}', NULL, 9, true);
INSERT INTO public.costing_line_templates VALUES ('fff4000f-61b4-43c1-b961-a0468d900edf', 'f9f4e787-419f-4859-afa3-ed013cc6f5db', 'strip_out_existing_timber_floor_gf', 'Strip out existing timber floor (GF)', 'm2', 0.0000, 1.100, NULL, 0.000, 0.5000, 1.000, 'standard', '{}', NULL, 10, true);
INSERT INTO public.costing_line_templates VALUES ('da5a8966-6138-45ba-abd2-bdfea90b92cb', 'f9f4e787-419f-4859-afa3-ed013cc6f5db', 'scrape_backclear_sub_floors', 'Scrape back/clear sub floors', 'm2', 0.0000, 1.100, NULL, 0.000, 0.2500, 1.000, 'standard', '{}', NULL, 11, true);
INSERT INTO public.costing_line_templates VALUES ('79eef7d0-fee2-420e-8fa1-e6c4fdb4f492', 'f9f4e787-419f-4859-afa3-ed013cc6f5db', 'grind_back_mortar_courses_on_brickwork', 'Grind back mortar courses on brickwork', 'm2', 0.0000, 1.100, NULL, 0.000, 0.3000, 1.000, 'standard', '{}', NULL, 12, true);
INSERT INTO public.costing_line_templates VALUES ('8bff3b91-e44b-42c8-9e30-19eda3bd0617', 'f9f4e787-419f-4859-afa3-ed013cc6f5db', 'wire_scrub_brickwork_faces', 'Wire scrub brickwork faces', 'm2', 0.0000, 1.100, NULL, 0.000, 0.2500, 1.000, 'standard', '{}', NULL, 13, true);
INSERT INTO public.costing_line_templates VALUES ('7e6ea457-725b-466c-9fb3-3d51f5e5a30e', 'f9f4e787-419f-4859-afa3-ed013cc6f5db', 'bag_up_debris_cart_outside', 'Bag up debris & cart outside', 'bags', 1.0000, 1.100, NULL, 0.300, 0.0100, 1.000, 'bag_and_cart', '{}', NULL, 14, true);
INSERT INTO public.costing_line_templates VALUES ('2fa35e07-b423-45fd-93c5-dc37bb25820e', 'f9f4e787-419f-4859-afa3-ed013cc6f5db', 'disposal_via_licensed_transfer_agent', 'Disposal via licensed transfer agent', 'bags', 0.0000, 1.100, NULL, 0.300, 0.0000, 1.000, 'tiered_disposal', '{}', NULL, 15, true);
INSERT INTO public.costing_line_templates VALUES ('2f7bd329-84f7-4b5c-8935-790d190091ad', '779aecd0-72ae-4c94-b15a-5fbf3ea5e714', 'apply_2_x_brunosol_1_x_wykabor_201', 'Apply 2 x Brunosol + 1 x Wykabor 20.1', 'm2', 5.5000, 1.100, NULL, 0.300, 0.3000, 1.000, 'standard', '{}', NULL, 16, true);
INSERT INTO public.costing_line_templates VALUES ('7a054fc2-3f97-4761-82e9-f2861e3c48cd', '779aecd0-72ae-4c94-b15a-5fbf3ea5e714', 'wall_membrane_cm3_1mtr', 'Wall membrane CM3  - 1mtr', 'm2', 0.0000, 1.100, NULL, 0.300, 0.3000, 1.000, 'ceiling_coverage', '{}', NULL, 17, true);
INSERT INTO public.costing_line_templates VALUES ('eb04b37d-d5b4-4380-b61e-58f1f458adcf', '779aecd0-72ae-4c94-b15a-5fbf3ea5e714', 'wall_membrane_cm3_12mtr', 'Wall membrane CM3  - 1.2mtr', 'm2', 0.0000, 1.100, NULL, 0.300, 0.3000, 1.000, 'ceiling_coverage', '{}', NULL, 18, true);
INSERT INTO public.costing_line_templates VALUES ('4e0deee8-3ff5-417d-8592-4178ea13240f', '779aecd0-72ae-4c94-b15a-5fbf3ea5e714', 'wall_membrane_cm3_2mtr_1', 'Wall membrane CM3  - 2mtr #1', 'm2', 0.0000, 1.100, NULL, 0.300, 0.0000, 1.000, 'standard', '{}', NULL, 19, true);
INSERT INTO public.costing_line_templates VALUES ('e7c17817-5235-4877-8678-660d0c151e3e', '779aecd0-72ae-4c94-b15a-5fbf3ea5e714', 'wall_membrane_cm3_2mtr_2', 'Wall membrane CM3  - 2mtr #2', 'm2', 0.0000, 1.100, NULL, 0.300, 0.0000, 1.000, 'standard', '{}', NULL, 20, true);
INSERT INTO public.costing_line_templates VALUES ('75a13a1a-e54e-4d2e-91d5-ad7059706871', '779aecd0-72ae-4c94-b15a-5fbf3ea5e714', 'wall_membrane_cm3_2mtr_3', 'Wall membrane CM3  - 2mtr #3', 'm2', 0.0000, 1.100, NULL, 0.300, 0.0000, 1.000, 'standard', '{}', NULL, 21, true);
INSERT INTO public.costing_line_templates VALUES ('4f5a6d2f-f8d8-42de-af09-89512944f653', '779aecd0-72ae-4c94-b15a-5fbf3ea5e714', 'wall_membrane_cm3_subtotals_for_above_3_lines', 'Wall membrane CM3 - Subtotals for above 3 lines', 'm2', 0.0000, 1.100, NULL, 0.300, 0.3000, 1.000, 'ceiling_coverage', '{}', NULL, 22, true);
INSERT INTO public.costing_line_templates VALUES ('c63b32ac-5fea-4e17-a22d-e278f276b1d0', '779aecd0-72ae-4c94-b15a-5fbf3ea5e714', 'membrane_plugs_for_m2_listed', 'Membrane plugs for m2 listed', 'm2', 0.0000, 1.100, NULL, 0.300, 0.2500, 1.000, 'ceiling_coverage', '{}', NULL, 23, true);
INSERT INTO public.costing_line_templates VALUES ('affa7052-c2c9-458c-b433-aadf37e9a3f1', '779aecd0-72ae-4c94-b15a-5fbf3ea5e714', 'sealing_tape_lm', 'Sealing Tape Lm', 'lm', 0.0000, 1.100, NULL, 0.300, 0.1000, 1.000, 'ceiling_coverage', '{}', NULL, 24, true);
INSERT INTO public.costing_line_templates VALUES ('de2e0696-1c07-4001-9e5a-da95e8afb4df', '779aecd0-72ae-4c94-b15a-5fbf3ea5e714', 'technoseal_lm', 'Technoseal Lm', 'lm', 0.0000, 1.100, NULL, 0.300, 0.0000, 1.000, 'standard', '{}', NULL, 25, true);
INSERT INTO public.costing_line_templates VALUES ('b284705b-9c47-4413-9208-ae5dc065a0ef', '779aecd0-72ae-4c94-b15a-5fbf3ea5e714', 'overtape_lm', 'Overtape Lm', 'lm', 0.0000, 1.100, NULL, 0.300, 0.1000, 1.000, 'ceiling_coverage', '{}', NULL, 26, true);
INSERT INTO public.costing_line_templates VALUES ('455fb129-4cb9-4482-af29-37b319fc3968', '779aecd0-72ae-4c94-b15a-5fbf3ea5e714', 'fixing_rope_lm', 'Fixing Rope Lm', 'lm', 0.0000, 1.100, NULL, 0.300, 0.1000, 1.000, 'ceiling_coverage', '{}', NULL, 27, true);
INSERT INTO public.costing_line_templates VALUES ('6c5aa1a3-8ad6-4632-987b-a050a1b945bd', '03486669-3f69-46f8-bea1-cabbdac4f199', 'dubbing_out_coat_sandcementsbr', 'Dubbing out coat (sand/cement/SBR)', 'm2', 0.0000, 1.100, NULL, 0.300, 0.3000, 1.000, 'standard', '{}', NULL, 28, true);
INSERT INTO public.costing_line_templates VALUES ('53bb82fb-4102-490d-b1d0-460942a9c6fa', '03486669-3f69-46f8-bea1-cabbdac4f199', '2_coat_tanking_slurry', '2 coat tanking slurry', 'm2', 3.7800, 1.100, NULL, 0.300, 0.3500, 1.000, 'standard', '{}', NULL, 29, true);
INSERT INTO public.costing_line_templates VALUES ('34cf4e30-cb96-49ba-9858-962ab61dac36', '03486669-3f69-46f8-bea1-cabbdac4f199', 'renovating_plaster', 'Renovating plaster', 'm2', 0.0000, 1.100, NULL, 0.300, 0.3000, 1.000, 'standard', '{}', NULL, 30, true);
INSERT INTO public.costing_line_templates VALUES ('21f595dd-3b59-4279-8628-ca6fa0d6a127', '03486669-3f69-46f8-bea1-cabbdac4f199', 'wallfloor_fillet_joint', 'Wall/floor fillet joint', 'lm', 2.0000, 1.100, NULL, 0.300, 0.3000, 1.000, 'standard', '{}', NULL, 31, true);
INSERT INTO public.costing_line_templates VALUES ('6e33feb4-c2de-4fc7-8435-487df0b39be9', 'e736ad5e-b578-48a7-bda7-08d0023b9611', 'ep40_2_pack_resin_primer', 'EP40 2 Pack resin Primer', 'm2', 0.0000, 1.100, NULL, 0.300, 0.0400, 1.000, 'standard', '{}', NULL, 32, true);
INSERT INTO public.costing_line_templates VALUES ('36c77cfa-1d9d-4404-87a2-5c79cda5d7b3', 'e736ad5e-b578-48a7-bda7-08d0023b9611', 'ep40_2_pack_resin_top_coat', 'EP40 2 Pack resin top coat', 'm2', 0.0000, 1.100, NULL, 0.300, 0.0400, 1.000, 'standard', '{}', NULL, 33, true);
INSERT INTO public.costing_line_templates VALUES ('289a1868-e8a6-4049-b2a4-a84080b5a9a1', 'e736ad5e-b578-48a7-bda7-08d0023b9611', 'grip_grit', 'Grip grit', 'm2', 2.6000, 1.100, NULL, 0.300, 0.0000, 1.000, 'standard', '{}', NULL, 34, true);
INSERT INTO public.costing_line_templates VALUES ('0bfae96e-d2e6-4420-ba3f-c61a7eda98ba', '7824037e-72a6-406d-9e0b-6a4a587091dd', 'construct_stud_wall_to_perimiter', 'Construct stud wall to perimiter', 'm2', 14.0000, 1.100, NULL, 0.300, 0.4000, 1.000, 'standard', '{}', NULL, 35, true);
INSERT INTO public.costing_line_templates VALUES ('38a76850-e992-4336-8bd1-84e7241ba796', '7824037e-72a6-406d-9e0b-6a4a587091dd', 'plasterboarding_inc_dabscrews', 'Plasterboarding (inc dab/screws)', 'm2', 0.0000, 1.100, NULL, 0.300, 0.4000, 1.000, 'standard', '{}', NULL, 36, true);
INSERT INTO public.costing_line_templates VALUES ('e5139456-4ace-4bdd-9f0c-7a5bfa2567b6', '7824037e-72a6-406d-9e0b-6a4a587091dd', 'warmline_internal_wall_insulation', 'Warmline Internal Wall Insulation', 'm2', 0.0000, 1.100, NULL, 0.300, 0.0000, 1.000, 'ceiling_coverage', '{}', NULL, 37, true);
INSERT INTO public.costing_line_templates VALUES ('65cdcae6-c354-47fd-955a-0218b1a0e44d', '7824037e-72a6-406d-9e0b-6a4a587091dd', 'plastering_stop_bead_3m_length', 'Plastering Stop Bead - 3m length', 'm2', 0.0000, 1.100, NULL, 0.300, 0.0000, 1.000, 'standard', '{}', NULL, 39, true);
INSERT INTO public.costing_line_templates VALUES ('d2f29a90-2190-4264-8c10-0b80a9477c55', '7824037e-72a6-406d-9e0b-6a4a587091dd', 'plastering_thin_coat_anglecorner_bead_24m_length', 'Plastering Thin Coat Angle/Corner Bead - 2.4m length', 'm2', 0.0000, 1.100, NULL, 0.300, 0.0000, 1.000, 'standard', '{}', NULL, 40, true);
INSERT INTO public.costing_line_templates VALUES ('950ca4fd-ebad-4fd8-a4bb-e927589d1b21', '7824037e-72a6-406d-9e0b-6a4a587091dd', 'plastering_thin_coat_anglecorner_bead_3m_length', 'Plastering Thin Coat Angle/Corner Bead - 3m length', 'm2', 0.0000, 1.100, NULL, 0.300, 0.0000, 1.000, 'standard', '{}', NULL, 41, true);
INSERT INTO public.costing_line_templates VALUES ('70e44916-36bf-4ea0-910d-9c2b5ef9830c', '7824037e-72a6-406d-9e0b-6a4a587091dd', 'difficulty_hours_fireplace_corners_etc', 'Difficulty hours (fireplace, corners etc)', 'hours', 0.0000, 1.100, NULL, 0.000, 1.0000, 1.000, 'standard', '{}', NULL, 42, true);
INSERT INTO public.costing_line_templates VALUES ('62f5b428-e9cd-45c9-8df8-857077d51b14', '3f4d5f4d-2155-49b3-b335-2a3e77875441', 'joists_100_x_50', 'Joists, 100 x 50', 'lm', 5.4600, 1.100, NULL, 0.300, 0.2500, 1.000, 'standard', '{}', NULL, 43, true);
INSERT INTO public.costing_line_templates VALUES ('ecc7abf7-8c6a-4297-a480-cf411aeb6c43', '3f4d5f4d-2155-49b3-b335-2a3e77875441', 'joists_125_x_50', 'Joists, 125 x 50', 'lm', 6.5000, 1.100, NULL, 0.300, 0.2500, 1.000, 'standard', '{}', NULL, 44, true);
INSERT INTO public.costing_line_templates VALUES ('37fe517b-be07-4be8-8958-3bc553601d64', '3f4d5f4d-2155-49b3-b335-2a3e77875441', 'joists_150_x_50', 'Joists, 150 x 50', 'lm', 7.7000, 1.100, NULL, 0.300, 0.2500, 1.000, 'standard', '{}', NULL, 45, true);
INSERT INTO public.costing_line_templates VALUES ('15d1af31-f0f7-48a0-8ab2-7e5956af41f6', '3f4d5f4d-2155-49b3-b335-2a3e77875441', 'joists_175_x_50', 'Joists, 175 x 50', 'lm', 8.0000, 1.100, NULL, 0.300, 0.3000, 1.000, 'standard', '{}', NULL, 46, true);
INSERT INTO public.costing_line_templates VALUES ('6d2622ce-10df-47a6-b16a-fefea2428acf', '3f4d5f4d-2155-49b3-b335-2a3e77875441', 'joists_200_x_50', 'Joists, 200 x 50', 'lm', 8.9000, 1.100, NULL, 0.300, 0.3000, 1.000, 'standard', '{}', NULL, 47, true);
INSERT INTO public.costing_line_templates VALUES ('7091b74e-866c-47e7-9678-95419262cdce', '3f4d5f4d-2155-49b3-b335-2a3e77875441', 'joists_225_x_50', 'Joists, 225 x 50', 'lm', 9.5000, 1.100, NULL, 0.300, 0.4000, 1.000, 'standard', '{}', NULL, 48, true);
INSERT INTO public.costing_line_templates VALUES ('6a761f67-d904-4ff7-b01d-3ce626a5ad7f', '3f4d5f4d-2155-49b3-b335-2a3e77875441', 'treat_and_endwrap_joist', 'Treat and endwrap joist', 'each', 3.0000, 1.100, NULL, 0.300, 0.1500, 1.000, 'standard', '{}', NULL, 49, true);
INSERT INTO public.costing_line_templates VALUES ('9345c242-acf0-4ac1-b5d5-041334434ba9', '3f4d5f4d-2155-49b3-b335-2a3e77875441', 'wall_plate_100x25', 'Wall plate 100x25', 'each', 4.8400, 1.100, NULL, 0.300, 0.4000, 1.000, 'standard', '{}', NULL, 50, true);
INSERT INTO public.costing_line_templates VALUES ('5d1a2de7-3242-450e-8786-d0a2a1650c3d', '3f4d5f4d-2155-49b3-b335-2a3e77875441', 'bower_beams_pair', 'Bower beams (pair)', 'pairs', 36.0000, 1.100, NULL, 0.300, 1.5000, 1.000, 'standard', '{}', NULL, 51, true);
INSERT INTO public.costing_line_templates VALUES ('2a438411-93c9-4ff7-a2ce-bfc5c8347c0d', '3f4d5f4d-2155-49b3-b335-2a3e77875441', 'flitch_plates_pair', 'Flitch plates (pair)', 'pairs', 42.0000, 1.100, NULL, 0.300, 1.5000, 1.000, 'standard', '{}', NULL, 52, true);
INSERT INTO public.costing_line_templates VALUES ('fc65284f-a8f7-4d7d-9b95-827e46f94935', '3f4d5f4d-2155-49b3-b335-2a3e77875441', 'install_weyrock_flooring_18mm_m2', 'Install Weyrock flooring 18mm (M2)', 'm2', 18.0000, 1.100, NULL, 0.300, 0.3000, 1.000, 'standard', '{}', NULL, 53, true);
INSERT INTO public.costing_line_templates VALUES ('2f10f5da-b57f-4ad3-90a7-af60952e68dd', '3f4d5f4d-2155-49b3-b335-2a3e77875441', 'install_weyrock_flooring_22mm_m2', 'Install Weyrock flooring 22mm (M2)', 'm2', 22.0000, 1.100, NULL, 0.300, 0.3250, 1.000, 'standard', '{}', NULL, 54, true);
INSERT INTO public.costing_line_templates VALUES ('fca4faf0-3a3d-4d46-8154-7949afa0e7fb', '3f4d5f4d-2155-49b3-b335-2a3e77875441', 'install_std_tg_floorboards_m2', 'Install std T&G Floorboards (M2)', 'm2', 46.3000, 1.100, NULL, 0.300, 0.2000, 1.000, 'standard', '{}', NULL, 55, true);
INSERT INTO public.costing_line_templates VALUES ('f2e4bba7-1cf3-4b48-8dc3-def9824030a2', '3f4d5f4d-2155-49b3-b335-2a3e77875441', 'install_victorian_tg_floorboards_m2', 'Install victorian T&G Floorboards (M2)', 'm2', 52.8000, 1.100, NULL, 0.300, 0.2000, 1.000, 'standard', '{}', NULL, 56, true);
INSERT INTO public.costing_line_templates VALUES ('f4315491-e535-4b95-b6d8-e767f733ee8a', '3f4d5f4d-2155-49b3-b335-2a3e77875441', 'install_engineered_flooring_sheet_m2', 'Install Engineered Flooring sheet (M2)', 'm2', 49.9900, 1.100, NULL, 0.300, 0.2000, 1.000, 'standard', '{}', NULL, 57, true);
INSERT INTO public.costing_line_templates VALUES ('3d93adf7-4a72-48c1-ae82-e8488e694bd2', '3f4d5f4d-2155-49b3-b335-2a3e77875441', 'provide_insulation_to_suspended_flooring', 'Provide insulation to suspended flooring', 'm2', 6.8000, 1.100, NULL, 0.300, 0.2000, 1.000, 'standard', '{}', NULL, 58, true);
INSERT INTO public.costing_line_templates VALUES ('beab6486-ebc0-49f1-b0b1-09b8cc7800fa', '3f4d5f4d-2155-49b3-b335-2a3e77875441', 'difficulty_hours_additional_hours_if_required', 'Difficulty hours (additional hours if required)', 'hours', 0.0000, 1.100, NULL, 0.000, 1.0000, 1.000, 'standard', '{}', NULL, 59, true);
INSERT INTO public.costing_line_templates VALUES ('5bd2b1bd-c6e6-4902-9326-4461b0769ba9', '49d49da4-a596-4b4c-a29f-93162a182fc2', 'clear_debris_from_sub_floor', 'Clear debris from sub floor', 'm2', 0.0000, 1.100, NULL, 0.300, 0.1500, 1.000, 'standard', '{}', NULL, 60, true);
INSERT INTO public.costing_line_templates VALUES ('c3b34b00-e870-4541-a6cc-205962b5c60d', '49d49da4-a596-4b4c-a29f-93162a182fc2', 'masonry_sterilant_wyakbor_20_brush_applied', 'Masonry sterilant (Wyakbor 20) - brush applied', 'm2', 35.0000, 1.100, NULL, 0.300, 0.0500, 1.000, 'standard', '{}', NULL, 61, true);
INSERT INTO public.costing_line_templates VALUES ('cf17de47-dc7b-42d7-b416-ad28e3d42cc4', '49d49da4-a596-4b4c-a29f-93162a182fc2', 'protective_treatment_following_new_timbers_installation_dp_o', 'Protective treatment following new timbers installation (DP or bug)', 'm2', 22.0000, 1.100, NULL, 0.300, 0.0200, 1.000, 'standard', '{}', NULL, 62, true);
INSERT INTO public.costing_line_templates VALUES ('4daabc0c-fecf-4825-bacb-6e7879e1085a', '49d49da4-a596-4b4c-a29f-93162a182fc2', '401_gel_injection_100mm_centres_plug_with_dowel', '40.1 Gel injection @100mm centres, plug with dowel', 'm2', 2.2200, 1.100, NULL, 0.300, 0.2500, 1.000, 'standard', '{}', NULL, 63, true);
INSERT INTO public.costing_line_templates VALUES ('f5e996dd-e61b-4999-96c3-638ec69399ca', '49d49da4-a596-4b4c-a29f-93162a182fc2', 'fog_subfloor_void_m2', 'Fog subfloor void (M2)', 'm2', 1.0000, 1.100, NULL, 0.300, 0.0500, 1.000, 'standard', '{}', NULL, 64, true);
INSERT INTO public.costing_line_templates VALUES ('18843af3-fa0e-4ed9-8b0b-7d720bb2292f', '49d49da4-a596-4b4c-a29f-93162a182fc2', 'fogging_staircase_open_rear_treads_per_step', 'Fogging staircase - open rear treads Per step', 'each', 0.2000, 1.100, NULL, 0.300, 0.1000, 1.000, 'standard', '{}', NULL, 65, true);
INSERT INTO public.costing_line_templates VALUES ('ef06e1f9-bb38-4cb2-b732-2829430f32ff', '49d49da4-a596-4b4c-a29f-93162a182fc2', 'fogging_staircase_rear_closed_drill_and_plug_per_step', 'Fogging staircase - rear closed, drill and plug per step', 'each', 2.0000, 1.100, NULL, 0.300, 0.2000, 1.000, 'standard', '{}', NULL, 66, true);
INSERT INTO public.costing_line_templates VALUES ('90fb47b6-56f6-4875-9613-b1389ebb8660', '130d5801-a915-4161-aeeb-15a591dd0a0d', 'clean_out_airbrickfit_new_face', 'Clean out airbrick/fit new face', 'each', 16.0000, 1.100, NULL, 0.300, 0.5000, 1.000, 'standard', '{}', NULL, 67, true);
INSERT INTO public.costing_line_templates VALUES ('f577fb4e-a2fe-45d5-98ae-d88484429036', '130d5801-a915-4161-aeeb-15a591dd0a0d', 'liftupgrade_existing_airbrickfit_new_face', 'Lift/upgrade existing airbrick/fit new face', 'each', 16.0000, 1.100, NULL, 0.300, 1.0000, 1.000, 'standard', '{}', NULL, 68, true);
INSERT INTO public.costing_line_templates VALUES ('5e9143e5-af40-4fa9-9426-01c68aeeea5f', '130d5801-a915-4161-aeeb-15a591dd0a0d', 'install_additional_airbrick', 'Install additional  airbrick', 'each', 16.0000, 1.100, NULL, 0.300, 2.0000, 1.000, 'standard', '{}', NULL, 69, true);
INSERT INTO public.costing_line_templates VALUES ('48a51258-1693-4666-839a-a6a3a5b4c626', 'f71640c5-ebca-4598-b304-3dfed71cb1e7', 'rubbish_removal_skips', 'Rubbish removal skips', 'each', 270.0000, 1.100, NULL, 0.300, 0.0000, 1.000, 'skip_hire', '{}', NULL, 70, true);
INSERT INTO public.costing_line_templates VALUES ('a062d347-4971-4206-a893-97cdbda1f8cf', 'a1ebf549-18c8-4316-a1c5-fc1ffda9dea1', 'remove_radiators_cap_valves', 'Remove radiators & cap valves', 'each', 7.0000, 1.100, NULL, 0.300, 0.0000, 1.000, 'standard', '{}', NULL, 1, true);
INSERT INTO public.costing_line_templates VALUES ('ba014c15-40e0-4f64-8ff4-5605ca1c4eb5', 'a1ebf549-18c8-4316-a1c5-fc1ffda9dea1', 'remove_socket_fronts_and_isolate', 'Remove socket fronts and isolate', 'each', 2.0000, 1.100, NULL, 0.300, 0.0000, 1.000, 'standard', '{}', NULL, 2, true);
INSERT INTO public.costing_line_templates VALUES ('00ca1313-90e6-4135-84ca-4de002d50ca6', 'a1ebf549-18c8-4316-a1c5-fc1ffda9dea1', 'skirting_board_removal_set_aside', 'Skirting board removal & set aside', 'lm', 0.1000, 1.100, NULL, 0.300, 0.0700, 1.000, 'standard', '{}', NULL, 3, true);
INSERT INTO public.costing_line_templates VALUES ('50fe8f54-e60a-4c56-bfb8-3221ddba0c99', 'a1ebf549-18c8-4316-a1c5-fc1ffda9dea1', 'strip_wall_paper', 'Strip Wall Paper', 'm2', 0.5000, 1.100, NULL, 0.300, 0.5000, 1.000, 'standard', '{}', NULL, 4, true);
INSERT INTO public.costing_line_templates VALUES ('9126ed79-0086-43ba-ab01-fa0507a09841', 'a1ebf549-18c8-4316-a1c5-fc1ffda9dea1', 'antinox_hd_floor_protection_boards_24m_x_12m', 'Antinox HD Floor Protection Boards – 2.4m x 1.2m', 'm2', 0.0000, 1.100, NULL, 0.300, 0.0000, 1.000, 'standard', '{}', NULL, 5, true);
INSERT INTO public.costing_line_templates VALUES ('41f7d879-e543-4e50-82f3-91541bf03983', '5b68a6bf-3bb4-4f58-916d-3c55ca3afa9b', 'remove_plasterrender_walls', 'Remove plaster/render (Walls)', 'm2', 0.0000, 1.100, NULL, 0.000, 0.3000, 1.000, 'standard', '{}', NULL, 6, true);
INSERT INTO public.costing_line_templates VALUES ('b6d55f10-ad42-48f1-87c2-f0c7036cd9a0', '5b68a6bf-3bb4-4f58-916d-3c55ca3afa9b', 'removal_of_stud_walls_etc_bag_cart_away', 'Removal of stud walls etc (Bag & cart away)', 'm2', 0.0000, 1.100, NULL, 0.000, 0.4000, 1.000, 'standard', '{}', NULL, 7, true);
INSERT INTO public.costing_line_templates VALUES ('381fcf3c-9065-457c-b0bf-2f403c4c6d84', '5b68a6bf-3bb4-4f58-916d-3c55ca3afa9b', 'plaster_lath_removal_denail_ceilings', 'Plaster & lath removal )& de-nail  (Ceilings)', 'm2', 0.0000, 1.100, NULL, 0.000, 0.8000, 1.000, 'standard', '{}', NULL, 8, true);
INSERT INTO public.costing_line_templates VALUES ('c9e697bd-b184-4fa3-b0ce-b2c5bbb8f8ef', '5b68a6bf-3bb4-4f58-916d-3c55ca3afa9b', 'strip_out_existing_timber_floor_gf', 'Strip out existing timber floor (GF)', 'm2', 0.0000, 1.100, NULL, 0.000, 0.5000, 1.000, 'standard', '{}', NULL, 9, true);
INSERT INTO public.costing_line_templates VALUES ('9b4ba304-a75d-4981-abb9-15f261e7595b', '5b68a6bf-3bb4-4f58-916d-3c55ca3afa9b', 'scrape_backclear_sub_floors', 'Scrape back/clear sub floors', 'm2', 0.0000, 1.100, NULL, 0.000, 0.2500, 1.000, 'standard', '{}', NULL, 10, true);
INSERT INTO public.costing_line_templates VALUES ('6b7a97e2-c231-4829-a62c-82ce8d4dd0ab', '5b68a6bf-3bb4-4f58-916d-3c55ca3afa9b', 'bag_up_debris_cart_outside', 'Bag up debris & cart outside', 'bags', 1.0000, 1.100, NULL, 0.300, 0.0100, 1.000, 'bag_and_cart', '{}', NULL, 11, true);
INSERT INTO public.costing_line_templates VALUES ('72637f21-b2df-4b1a-8338-1a88464d3029', '5b68a6bf-3bb4-4f58-916d-3c55ca3afa9b', 'disposal_via_licensed_transfer_agent', 'Disposal via licensed transfer agent', 'bags', 0.0000, 1.100, NULL, 0.300, 0.0000, 1.000, 'tiered_disposal', '{}', NULL, 12, true);
INSERT INTO public.costing_line_templates VALUES ('c04d66d5-5e86-4255-9c8e-e7e088602320', 'fb6abe6e-f996-4d79-956b-0fda26c55301', 'construct_stud_wall_to_perimiter', 'Construct stud wall to perimiter', 'm2', 14.0000, 1.100, NULL, 0.300, 0.4000, 1.000, 'standard', '{}', NULL, 13, true);
INSERT INTO public.costing_line_templates VALUES ('d05d37ba-d0e3-4e37-92cb-924e96fdf58d', 'fb6abe6e-f996-4d79-956b-0fda26c55301', 'plasterboarding_inc_dabscrews', 'Plasterboarding (inc dab/screws)', 'm2', 0.0000, 1.100, NULL, 0.300, 0.4000, 1.000, 'standard', '{}', NULL, 14, true);
INSERT INTO public.costing_line_templates VALUES ('aaa4ae7a-0613-4f0a-adee-4b5776ac1487', 'fb6abe6e-f996-4d79-956b-0fda26c55301', 'plastering_stop_bead_3m_length', 'Plastering Stop Bead - 3m length', 'each', 0.0000, 1.100, NULL, 0.300, 0.0000, 1.000, 'standard', '{}', NULL, 16, true);
INSERT INTO public.costing_line_templates VALUES ('fd1cdc94-a835-47f1-bf26-89e6bbd9a634', 'fb6abe6e-f996-4d79-956b-0fda26c55301', 'plastering_thin_coat_anglecorner_bead_24m_length', 'Plastering Thin Coat Angle/Corner Bead - 2.4m length', 'each', 0.0000, 1.100, NULL, 0.300, 0.0000, 1.000, 'standard', '{}', NULL, 17, true);
INSERT INTO public.costing_line_templates VALUES ('d22d0df9-9420-416a-a7c7-6362156eee4d', 'fb6abe6e-f996-4d79-956b-0fda26c55301', 'plastering_thin_coat_anglecorner_bead_3m_length', 'Plastering Thin Coat Angle/Corner Bead - 3m length', 'each', 0.0000, 1.100, NULL, 0.300, 0.0000, 1.000, 'standard', '{}', NULL, 18, true);
INSERT INTO public.costing_line_templates VALUES ('0c0c865e-d61e-4509-b90c-c774ca49f5f2', 'fb6abe6e-f996-4d79-956b-0fda26c55301', 'difficulty_hours_fireplace_corners_etc', 'Difficulty hours (fireplace, corners etc)', 'hours', 0.0000, 1.100, NULL, 0.000, 1.0000, 1.000, 'standard', '{}', NULL, 19, true);
INSERT INTO public.costing_line_templates VALUES ('a97aaefd-5ff1-4772-9b83-55afb4b501a1', '2a53fa5b-ea22-41a3-a470-68ac81a82405', 'joiststimbers_100_x_50', 'Joists/Timbers, 100 x 50', 'lm', 5.4600, 1.100, NULL, 0.300, 0.2500, 1.000, 'standard', '{}', NULL, 20, true);
INSERT INTO public.costing_line_templates VALUES ('0f3467ce-1762-4e2b-828c-0c70a0e85506', '2a53fa5b-ea22-41a3-a470-68ac81a82405', 'joiststimbers_125_x_50', 'Joists/Timbers, 125 x 50', 'lm', 6.5000, 1.100, NULL, 0.300, 0.2500, 1.000, 'standard', '{}', NULL, 21, true);
INSERT INTO public.costing_line_templates VALUES ('ef97cb05-2f2d-46c1-a65e-c8e61c2208b3', '2a53fa5b-ea22-41a3-a470-68ac81a82405', 'joiststimbers_150_x_50', 'Joists/Timbers, 150 x 50', 'lm', 7.7000, 1.100, NULL, 0.300, 0.2500, 1.000, 'standard', '{}', NULL, 22, true);
INSERT INTO public.costing_line_templates VALUES ('44b0ad3c-4a07-4cbc-b073-a04775788047', '2a53fa5b-ea22-41a3-a470-68ac81a82405', 'joiststimbers_175_x_50', 'Joists/Timbers, 175 x 50', 'lm', 8.0000, 1.100, NULL, 0.300, 0.3000, 1.000, 'standard', '{}', NULL, 23, true);
INSERT INTO public.costing_line_templates VALUES ('86f65705-5aff-4db0-8f72-1e1bb1007ad7', '2a53fa5b-ea22-41a3-a470-68ac81a82405', 'joiststimbers_200_x_50', 'Joists/Timbers, 200 x 50', 'lm', 8.9000, 1.100, NULL, 0.300, 0.3000, 1.000, 'standard', '{}', NULL, 24, true);
INSERT INTO public.costing_line_templates VALUES ('3824b79e-f3df-4cad-be08-3b66886aa105', '2a53fa5b-ea22-41a3-a470-68ac81a82405', 'joiststimbers_225_x_50', 'Joists/Timbers, 225 x 50', 'lm', 9.5000, 1.100, NULL, 0.300, 0.4000, 1.000, 'standard', '{}', NULL, 25, true);
INSERT INTO public.costing_line_templates VALUES ('282b0065-7798-46d9-8b63-8951559b5edd', '2a53fa5b-ea22-41a3-a470-68ac81a82405', 'treat_and_endwrap_joist', 'Treat and endwrap joist', 'each', 3.0000, 1.100, NULL, 0.300, 0.1500, 1.000, 'standard', '{}', NULL, 26, true);
INSERT INTO public.costing_line_templates VALUES ('83a555e9-9d1c-4687-af88-b864997ccf97', '2a53fa5b-ea22-41a3-a470-68ac81a82405', 'wall_plate_100x25', 'Wall plate 100x25', 'each', 4.8400, 1.100, NULL, 0.300, 0.4000, 1.000, 'standard', '{}', NULL, 27, true);
INSERT INTO public.costing_line_templates VALUES ('82ce8235-e973-407f-8a55-29654c66fc55', '2a53fa5b-ea22-41a3-a470-68ac81a82405', 'bower_beams_pair', 'Bower beams (pair)', 'pairs', 36.0000, 1.100, NULL, 0.300, 1.5000, 1.000, 'standard', '{}', NULL, 28, true);
INSERT INTO public.costing_line_templates VALUES ('e528d3ab-0f56-4ddf-b70d-9b7ce326ca17', '2a53fa5b-ea22-41a3-a470-68ac81a82405', 'flitch_plates_pair', 'Flitch plates (pair)', 'pairs', 42.0000, 1.100, NULL, 0.300, 1.5000, 1.000, 'standard', '{}', NULL, 29, true);
INSERT INTO public.costing_line_templates VALUES ('3a094414-7523-4f8a-a8a4-60e84403d904', '2a53fa5b-ea22-41a3-a470-68ac81a82405', 'install_weyrock_flooring_18mm_m2', 'Install Weyrock flooring 18mm (M2)', 'm2', 18.0000, 1.100, NULL, 0.300, 0.4000, 1.000, 'standard', '{}', NULL, 30, true);
INSERT INTO public.costing_line_templates VALUES ('0c4a19a9-4cff-401e-9ed6-92374234fcfc', '2a53fa5b-ea22-41a3-a470-68ac81a82405', 'install_weyrock_flooring_22mm_m2', 'Install Weyrock flooring 22mm (M2)', 'm2', 22.0000, 1.100, NULL, 0.300, 0.4250, 1.000, 'standard', '{}', NULL, 31, true);
INSERT INTO public.costing_line_templates VALUES ('b3ae30eb-32e5-45b6-881a-b2c39c06d155', '2a53fa5b-ea22-41a3-a470-68ac81a82405', 'install_std_tg_floorboards_m2', 'Install std T&G Floorboards (M2)', 'm2', 46.3000, 1.100, NULL, 0.300, 0.6000, 1.000, 'standard', '{}', NULL, 32, true);
INSERT INTO public.costing_line_templates VALUES ('aebf8106-a7ac-42ec-9f36-5cff893a9a29', '2a53fa5b-ea22-41a3-a470-68ac81a82405', 'install_victorian_tg_floorboards_m2', 'Install victorian T&G Floorboards (M2)', 'm2', 52.8000, 1.100, NULL, 0.300, 0.6000, 1.000, 'standard', '{}', NULL, 33, true);
INSERT INTO public.costing_line_templates VALUES ('d764ace7-2d28-4581-8d69-be740ec4f9f2', '2a53fa5b-ea22-41a3-a470-68ac81a82405', 'install_engineered_flooring_sheet_m2', 'Install Engineered Flooring sheet (M2)', 'm2', 49.9900, 1.100, NULL, 0.300, 0.4000, 1.000, 'standard', '{}', NULL, 34, true);
INSERT INTO public.costing_line_templates VALUES ('3c50d026-1847-4b34-8689-c1b4f6b01cb3', '2a53fa5b-ea22-41a3-a470-68ac81a82405', 'install_structural_engineered_flooring_sheet_m2_onto_joists', 'Install Structural Engineered Flooring sheet (M2) onto joists', 'm2', 52.8000, 1.100, NULL, 0.300, 0.9000, 1.000, 'standard', '{}', NULL, 35, true);
INSERT INTO public.costing_line_templates VALUES ('6a0f3c03-0237-4686-a159-cbb3f590850a', '2a53fa5b-ea22-41a3-a470-68ac81a82405', 'provide_insulation_to_suspended_flooring', 'Provide insulation to suspended flooring', 'm2', 6.8000, 1.100, NULL, 0.300, 0.2000, 1.000, 'standard', '{}', NULL, 36, true);
INSERT INTO public.costing_line_templates VALUES ('922d1160-3c70-4c6e-92f0-9442f131ba12', '2a53fa5b-ea22-41a3-a470-68ac81a82405', 'difficulty_hours_additional_hours_if_required', 'Difficulty hours (additional hours if required)', 'hours', 0.0000, 1.100, NULL, 0.300, 1.0000, 1.000, 'standard', '{}', NULL, 37, true);
INSERT INTO public.costing_line_templates VALUES ('92b0d3ec-ea4d-4dae-bc11-ad7d5016c6df', '949836f1-09dc-428f-b484-f7def8580def', 'clear_debris_from_sub_floor', 'Clear debris from sub floor', 'm2', 0.0000, 1.100, NULL, 0.300, 0.1500, 1.000, 'standard', '{}', NULL, 38, true);
INSERT INTO public.costing_line_templates VALUES ('682e8cde-9323-4dc0-ac48-818a9053eb78', '949836f1-09dc-428f-b484-f7def8580def', 'protective_treatment_to_new_timbers_installation', 'Protective treatment to new timbers installation', 'm2', 0.5000, 1.100, NULL, 0.300, 0.0200, 1.000, 'standard', '{}', NULL, 39, true);
INSERT INTO public.costing_line_templates VALUES ('f4f7f113-3cc4-4c6e-ba1a-4ae4f4b554e6', '949836f1-09dc-428f-b484-f7def8580def', '401_gel_injection_100mm_centres_plug_with_dowel', '40.1 Gel injection @100mm centres, plug with dowel', 'm2', 2.2200, 1.100, NULL, 0.300, 0.2500, 1.000, 'standard', '{}', NULL, 40, true);
INSERT INTO public.costing_line_templates VALUES ('30589bbb-e4d0-42d8-b797-1cc4d721a428', '949836f1-09dc-428f-b484-f7def8580def', 'fogging_floor_area', 'Fogging floor area', 'm2', 0.5000, 1.100, NULL, 0.300, 0.1000, 1.000, 'standard', '{}', NULL, 41, true);
INSERT INTO public.costing_line_templates VALUES ('ec465720-19a3-4812-81c4-33b5c5a26a76', '949836f1-09dc-428f-b484-f7def8580def', 'fogging_boarded_area', 'Fogging boarded area', 'm2', 0.5000, 1.100, NULL, 0.300, 0.0000, 1.000, 'standard', '{}', NULL, 42, true);
INSERT INTO public.costing_line_templates VALUES ('3c51d46a-365c-457b-8098-de53d3fc663d', '949836f1-09dc-428f-b484-f7def8580def', 'fogging_staircase_open_rear_treads_per_step', 'Fogging staircase - open rear treads Per step', 'each', 0.5000, 1.100, NULL, 0.300, 0.1000, 1.000, 'standard', '{}', NULL, 43, true);
INSERT INTO public.costing_line_templates VALUES ('d71fe234-8208-44fb-9856-38e8b09cc808', '949836f1-09dc-428f-b484-f7def8580def', 'fogging_staircase_rear_closed_drill_and_plug_per_step', 'Fogging staircase - rear closed, drill and plug per step', 'each', 2.0000, 1.100, NULL, 0.300, 0.2000, 1.000, 'standard', '{}', NULL, 44, true);
INSERT INTO public.costing_line_templates VALUES ('6e22088c-6384-4e82-b96a-2d984897deed', '949836f1-09dc-428f-b484-f7def8580def', 'lifting_loft_insulation', 'Lifting loft insulation', 'm2', 0.0000, 1.100, NULL, 0.300, 0.0500, 1.000, 'standard', '{}', NULL, 45, true);
INSERT INTO public.costing_line_templates VALUES ('bc165e32-0030-4f41-ad3c-d1dc242a6404', '949836f1-09dc-428f-b484-f7def8580def', 'fogging_loft_area_calculated_from_floor_area_of_loft', 'Fogging loft area (calculated from floor area of loft)', 'm2', 0.5000, 1.100, NULL, 0.300, 0.0400, 1.000, 'standard', '{}', NULL, 46, true);
INSERT INTO public.costing_line_templates VALUES ('e4b9ec66-f9d4-41f7-8f6a-bcb5e6f5a438', '949836f1-09dc-428f-b484-f7def8580def', 'relaying_loft_insulation', 'Relaying loft insulation', 'm2', 0.0000, 1.100, NULL, 0.300, 0.0300, 1.000, 'standard', '{}', NULL, 47, true);
INSERT INTO public.costing_line_templates VALUES ('8f130619-6f46-43b5-a259-70d09111aa3a', 'e7fb8a82-fc0c-42ef-98db-d249fb49abd7', 'clean_out_airbrickfit_new_face', 'Clean out airbrick/fit new face', 'each', 16.0000, 1.100, NULL, 0.300, 0.5000, 1.000, 'standard', '{}', NULL, 48, true);
INSERT INTO public.costing_line_templates VALUES ('c57445ec-ccc3-4aa8-b154-28a86cc89d81', 'e7fb8a82-fc0c-42ef-98db-d249fb49abd7', 'liftupgrade_existing_airbrickfit_new_face', 'Lift/upgrade existing airbrick/fit new face', 'each', 16.0000, 1.100, NULL, 0.300, 0.8000, 1.000, 'standard', '{}', NULL, 49, true);
INSERT INTO public.costing_line_templates VALUES ('e7f42236-4a9a-4b3e-a3cf-6ea3f5e99178', 'e7fb8a82-fc0c-42ef-98db-d249fb49abd7', 'install_additional_airbrick', 'Install additional  airbrick', 'each', 16.0000, 1.100, NULL, 0.300, 2.0000, 1.000, 'standard', '{}', NULL, 50, true);
INSERT INTO public.costing_line_templates VALUES ('60c5c91e-2b5e-4829-8af2-46a5eb995d54', '14e0ee78-2fa0-4611-a982-0017597dfc35', 'rubbish_removal_skips', 'Rubbish removal skips', 'each', 270.0000, 1.100, NULL, 0.300, 0.0000, 1.000, 'skip_hire', '{}', NULL, 51, true);
INSERT INTO public.costing_line_templates VALUES ('06db19f2-1e94-4042-8749-959e7a24bc05', '7824037e-72a6-406d-9e0b-6a4a587091dd', 'skimming_walls_multi_finish_plaster', 'Skimming walls (multi finish plaster)', 'm2', 0.0000, 1.100, NULL, 0.300, 0.2700, 1.000, 'ceiling_coverage', '{}', NULL, 38, true);
INSERT INTO public.costing_line_templates VALUES ('3ca4092d-a328-4c1d-8ffd-670a50a18974', 'fb6abe6e-f996-4d79-956b-0fda26c55301', 'skimming_walls_multi_finish_plaster', 'Skimming walls (multi finish plaster)', 'm2', 0.0000, 1.100, NULL, 0.300, 0.2700, 1.000, 'ceiling_coverage', '{}', NULL, 15, true);
INSERT INTO public.costing_line_templates VALUES ('6eaecc7c-c0a0-46f9-8198-d14988abde87', '1ff6f8e8-0f4a-403c-aee8-83d64e062e68', 'skimming_walls', 'Skimming walls (multi finish plaster)', 'm2', 0.0000, 1.100, 10.0000, 0.300, 0.2700, 1.000, 'ceiling_coverage', '{"coverage_rate": 10, "cost_per_coverage_unit": 1.208}', NULL, 38, true);

-- End of seed data
